<?xml version="1.0" encoding="utf-8"?>
<!--
IE-IFRS-Presentation linkbase
2012-12-01 VERSION 1.0
Copyright and other information - see http://www.xbrl.org/uk/legal.aspx
-->
<linkbase xmlns="http://www.xbrl.org/2003/linkbase" xmlns:xsi="http://www.w3.org/2001/XMLSchema-instance" xmlns:xlink="http://www.w3.org/1999/xlink" xsi:schemaLocation=" http://www.xbrl.org/2003/linkbase http://www.xbrl.org/2003/xbrl-linkbase-2003-12-31.xsd">
  <roleRef xlink:type="simple" xlink:href="http://www.xbrl.org/uk/ifrs/core/2009-09-01/uk-ifrs-2009-09-01.xsd#NotesAndDetailedDisclosures" roleURI="http://www.xbrl.org/uk/role/NotesAndDetailedDisclosures" />
  <roleRef xlink:type="simple" xlink:href="http://www.xbrl.org/uk/ifrs/core/2009-09-01/uk-ifrs-2009-09-01.xsd#AdditionalIndustrySectorData" roleURI="http://www.xbrl.org/uk/role/AdditionalIndustrySectorData" />
  <presentationLink xlink:type="extended" xlink:role="http://www.xbrl.org/uk/role/NotesAndDetailedDisclosures" xlink:title="Notes and Detailed Disclosures">
      <loc xlink:href="ie-ifrs-2012-12-01.xsd#ie-ifrs_ROIForeignCurrentTaxForPeriod" xlink:label="ie-ifrs_ROIForeignCurrentTaxForPeriod" xlink:type="locator"/>
      <loc xlink:href="ie-ifrs-2012-12-01.xsd#ie-ifrs_IncreaseDecreaseInROIForeignCurrentTaxFromAdjustmentForPriorPeriods" xlink:label="ie-ifrs_IncreaseDecreaseInROIForeignCurrentTaxFromAdjustmentForPriorPeriods" xlink:type="locator"/>
      <loc xlink:href="ie-ifrs-2012-12-01.xsd#ie-ifrs_IncreaseDecreaseInROIForeignCurrentTaxDueToChangesInAccountingPoliciesErrors" xlink:label="ie-ifrs_IncreaseDecreaseInROIForeignCurrentTaxDueToChangesInAccountingPoliciesErrors" xlink:type="locator"/>
      <loc xlink:href="ie-ifrs-2012-12-01.xsd#ie-ifrs_IncreaseDecreaseInROIForeignCurrentTaxFromUnrecognisedTaxLossCreditTemporaryDifferenceFromPriorPeriod" xlink:label="ie-ifrs_IncreaseDecreaseInROIForeignCurrentTaxFromUnrecognisedTaxLossCreditTemporaryDifferenceFromPriorPeriod" xlink:type="locator"/>
      <loc xlink:href="ie-ifrs-2012-12-01.xsd#ie-ifrs_IncreaseDecreaseInROIForeignCurrentTaxFromUnrecognisedTaxLossOrCredit" xlink:label="ie-ifrs_IncreaseDecreaseInROIForeignCurrentTaxFromUnrecognisedTaxLossOrCredit" xlink:type="locator"/>
      <loc xlink:href="ie-ifrs-2012-12-01.xsd#ie-ifrs_IncreaseDecreaseInROIForeignCurrentTaxFromUnrecognisedTemporaryDifferenceFromPriorPeriod" xlink:label="ie-ifrs_IncreaseDecreaseInROIForeignCurrentTaxFromUnrecognisedTemporaryDifferenceFromPriorPeriod" xlink:type="locator"/>
      <loc xlink:href="ie-ifrs-2012-12-01.xsd#ie-ifrs_ROICurrentTax" xlink:label="ie-ifrs_ROICurrentTax" xlink:type="locator"/>
      <loc xlink:href="ie-ifrs-2012-12-01.xsd#ie-ifrs_ROICurrentCorporationTaxOnIncomeForPeriod" xlink:label="ie-ifrs_ROICurrentCorporationTaxOnIncomeForPeriod" xlink:type="locator"/>
      <loc xlink:href="ie-ifrs-2012-12-01.xsd#ie-ifrs_IncreaseDecreaseInROICorporationTaxFromAdjustmentForPriorPeriods" xlink:label="ie-ifrs_IncreaseDecreaseInROICorporationTaxFromAdjustmentForPriorPeriods" xlink:type="locator"/>
      <loc xlink:href="ie-ifrs-2012-12-01.xsd#ie-ifrs_IncreaseDecreaseInROICurrentTaxDueToChangesInAccountingPoliciesErrors" xlink:label="ie-ifrs_IncreaseDecreaseInROICurrentTaxDueToChangesInAccountingPoliciesErrors" xlink:type="locator"/>
      <loc xlink:href="ie-ifrs-2012-12-01.xsd#ie-ifrs_IncreaseDecreaseInROICurrentTaxFromUnrecognisedTaxLossCreditOrTemporaryDifferenceFromPriorPeriod" xlink:label="ie-ifrs_IncreaseDecreaseInROICurrentTaxFromUnrecognisedTaxLossCreditOrTemporaryDifferenceFromPriorPeriod" xlink:type="locator"/>
      <loc xlink:href="ie-ifrs-2012-12-01.xsd#ie-ifrs_IncreaseDecreaseInROICurrentTaxFromUnrecognisedTaxLossOrCredit" xlink:label="ie-ifrs_IncreaseDecreaseInROICurrentTaxFromUnrecognisedTaxLossOrCredit" xlink:type="locator"/>
      <loc xlink:href="ie-ifrs-2012-12-01.xsd#ie-ifrs_IncreaseDecreaseInROICurrentTaxFromUnrecognisedTemporaryDifferenceFromPriorPeriod" xlink:label="ie-ifrs_IncreaseDecreaseInROICurrentTaxFromUnrecognisedTemporaryDifferenceFromPriorPeriod" xlink:type="locator"/>
      <loc xlink:href="http://www.xbrl.org/uk/ifrs/core/2009-09-01/uk-ifrs-2009-09-01.xsd#uk-ifrs_DoubleTaxationRelief" xlink:label="uk-ifrs_DoubleTaxationRelief" xlink:type="locator"/>
      <loc xlink:href="http://www.xbrl.org/uk/ifrs/core/2009-09-01/uk-ifrs-2009-09-01.xsd#uk-ifrs_WitholdingTax" xlink:label="uk-ifrs_WitholdingTax" xlink:type="locator"/>
      <loc xlink:href="http://www.xbrl.org/uk/ifrs/core/2009-09-01/uk-ifrs-2009-09-01.xsd#uk-ifrs_GroupTaxReliefReceivedPaid" xlink:label="uk-ifrs_GroupTaxReliefReceivedPaid" xlink:type="locator"/>
      <loc xlink:href="http://www.xbrl.org/uk/ifrs/core/2009-09-01/uk-ifrs-2009-09-01.xsd#uk-ifrs_ResearchDevelopmentTaxCredit" xlink:label="uk-ifrs_ResearchDevelopmentTaxCredit" xlink:type="locator"/>
      <loc xlink:href="http://www.xbrl.org/uk/ifrs/core/2009-09-01/uk-ifrs-2009-09-01.xsd#uk-ifrs_UKForeignCurrentTaxForPeriod" xlink:label="uk-ifrs_UKForeignCurrentTaxForPeriod" xlink:type="locator"/>
      <loc xlink:href="http://www.xbrl.org/uk/ifrs/core/2009-09-01/uk-ifrs-2009-09-01.xsd#uk-ifrs_IncreaseDecreaseInUKForeignCurrentTaxFromAdjustmentForPriorPeriods" xlink:label="uk-ifrs_IncreaseDecreaseInUKForeignCurrentTaxFromAdjustmentForPriorPeriods" xlink:type="locator"/>
      <loc xlink:href="http://xbrl.iasb.org/taxonomy/2009-04-01/ifrs-cor_2009-04-01.xsd#ifrs_TaxExpenseIncomeRelatingToChangesInAccountingPoliciesAndErrorsIncludedInProfitOrLoss" xlink:label="ifrs_TaxExpenseIncomeRelatingToChangesInAccountingPoliciesAndErrorsIncludedInProfitOrLoss" xlink:type="locator"/>
      <loc xlink:href="http://xbrl.iasb.org/taxonomy/2009-04-01/ifrs-cor_2009-04-01.xsd#ifrs_TaxBenefitArisingFromPreviouslyUnrecognisedTaxLossTaxCreditOrTemporaryDifferenceOfPriorPeriodUsedToReduceCurrentTaxExpense" xlink:label="ifrs_TaxBenefitArisingFromPreviouslyUnrecognisedTaxLossTaxCreditOrTemporaryDifferenceOfPriorPeriodUsedToReduceCurrentTaxExpense" xlink:type="locator"/>
      <loc xlink:href="http://www.xbrl.org/uk/ifrs/core/2009-09-01/uk-ifrs-2009-09-01.xsd#uk-ifrs_IncreaseDecreaseInUKForeignCurrentTaxFromUnrecognisedTaxLossOrCredit" xlink:label="uk-ifrs_IncreaseDecreaseInUKForeignCurrentTaxFromUnrecognisedTaxLossOrCredit" xlink:type="locator"/>
      <loc xlink:href="http://www.xbrl.org/uk/ifrs/core/2009-09-01/uk-ifrs-2009-09-01.xsd#uk-ifrs_IncreaseDecreaseInUKForeignCurrentTaxFromUnrecognisedTemporaryDifferenceFromPriorPeriod" xlink:label="uk-ifrs_IncreaseDecreaseInUKForeignCurrentTaxFromUnrecognisedTemporaryDifferenceFromPriorPeriod" xlink:type="locator"/>
      <loc xlink:href="http://www.xbrl.org/uk/ifrs/core/2009-09-01/uk-ifrs-2009-09-01.xsd#uk-ifrs_UKCurrentTax" xlink:label="uk-ifrs_UKCurrentTax" xlink:type="locator"/>
      <loc xlink:href="http://www.xbrl.org/uk/ifrs/core/2009-09-01/uk-ifrs-2009-09-01.xsd#uk-ifrs_UKCurrentCorporationTaxOnIncomeForPeriod" xlink:label="uk-ifrs_UKCurrentCorporationTaxOnIncomeForPeriod" xlink:type="locator"/>
      <loc xlink:href="http://www.xbrl.org/uk/ifrs/core/2009-09-01/uk-ifrs-2009-09-01.xsd#uk-ifrs_IncreaseDecreaseInUKCorporationTaxFromAdjustmentForPriorPeriods" xlink:label="uk-ifrs_IncreaseDecreaseInUKCorporationTaxFromAdjustmentForPriorPeriods" xlink:type="locator"/>
      <loc xlink:href="http://www.xbrl.org/uk/ifrs/core/2009-09-01/uk-ifrs-2009-09-01.xsd#uk-ifrs_IncreaseDecreaseInUKCurrentTaxDueToChangesInAccountingPoliciesErrors" xlink:label="uk-ifrs_IncreaseDecreaseInUKCurrentTaxDueToChangesInAccountingPoliciesErrors" xlink:type="locator"/>
      <loc xlink:href="http://www.xbrl.org/uk/ifrs/core/2009-09-01/uk-ifrs-2009-09-01.xsd#uk-ifrs_IncreaseDecreaseInUKCurrentTaxFromUnrecognisedTaxLossCreditOrTemporaryDifferenceFromPriorPeriod" xlink:label="uk-ifrs_IncreaseDecreaseInUKCurrentTaxFromUnrecognisedTaxLossCreditOrTemporaryDifferenceFromPriorPeriod" xlink:type="locator"/>
      <loc xlink:href="http://www.xbrl.org/uk/ifrs/core/2009-09-01/uk-ifrs-2009-09-01.xsd#uk-ifrs_IncreaseDecreaseInUKCurrentTaxFromUnrecognisedTaxLossOrCredit" xlink:label="uk-ifrs_IncreaseDecreaseInUKCurrentTaxFromUnrecognisedTaxLossOrCredit" xlink:type="locator"/>
      <loc xlink:href="http://www.xbrl.org/uk/ifrs/core/2009-09-01/uk-ifrs-2009-09-01.xsd#uk-ifrs_IncreaseDecreaseInUKCurrentTaxFromUnrecognisedTemporaryDifferenceFromPriorPeriod" xlink:label="uk-ifrs_IncreaseDecreaseInUKCurrentTaxFromUnrecognisedTemporaryDifferenceFromPriorPeriod" xlink:type="locator"/>
      <loc xlink:href="ie-ifrs-2012-12-01.xsd#ie-ifrs_ROIDeferredTaxExpenseCredit" xlink:label="ie-ifrs_ROIDeferredTaxExpenseCredit" xlink:type="locator"/>
      <loc xlink:href="ie-ifrs-2012-12-01.xsd#ie-ifrs_ROIDeferredTaxExpenseCreditRelatingToOriginationReversalTemporaryDifferences" xlink:label="ie-ifrs_ROIDeferredTaxExpenseCreditRelatingToOriginationReversalTemporaryDifferences" xlink:type="locator"/>
      <loc xlink:href="ie-ifrs-2012-12-01.xsd#ie-ifrs_ROIDeferredTaxExpenseCreditRelatingToChangesInTaxRatesOrLaws" xlink:label="ie-ifrs_ROIDeferredTaxExpenseCreditRelatingToChangesInTaxRatesOrLaws" xlink:type="locator"/>
      <loc xlink:href="ie-ifrs-2012-12-01.xsd#ie-ifrs_ROIDeferredTaxExpenseCreditFromUnrecognisedTaxLossCreditOrTemporaryDifferenceFromPriorPeriod" xlink:label="ie-ifrs_ROIDeferredTaxExpenseCreditFromUnrecognisedTaxLossCreditOrTemporaryDifferenceFromPriorPeriod" xlink:type="locator"/>
      <loc xlink:href="ie-ifrs-2012-12-01.xsd#ie-ifrs_ROIDeferredTaxExpenseCreditFromUnrecognisedTaxLossOrCredit" xlink:label="ie-ifrs_ROIDeferredTaxExpenseCreditFromUnrecognisedTaxLossOrCredit" xlink:type="locator"/>
      <loc xlink:href="ie-ifrs-2012-12-01.xsd#ie-ifrs_ROIDeferredTaxExpenseCreditFromUnrecognisedTemporaryDifferenceFromPriorPeriod" xlink:label="ie-ifrs_ROIDeferredTaxExpenseCreditFromUnrecognisedTemporaryDifferenceFromPriorPeriod" xlink:type="locator"/>
      <loc xlink:href="ie-ifrs-2012-12-01.xsd#ie-ifrs_ROIDeferredTaxExpenseCreditFromWrite-downOrReversalWrite-downDeferredTaxAsset" xlink:label="ie-ifrs_ROIDeferredTaxExpenseCreditFromWrite-downOrReversalWrite-downDeferredTaxAsset" xlink:type="locator"/>
      <loc xlink:href="ie-ifrs-2012-12-01.xsd#ie-ifrs_OtherROIDeferredTaxExpenseCredit" xlink:label="ie-ifrs_OtherROIDeferredTaxExpenseCredit" xlink:type="locator"/>
      <loc xlink:href="http://www.xbrl.org/uk/ifrs/core/2009-09-01/uk-ifrs-2009-09-01.xsd#uk-ifrs_UKDeferredTaxExpenseCredit" xlink:label="uk-ifrs_UKDeferredTaxExpenseCredit" xlink:type="locator"/>
      <loc xlink:href="http://www.xbrl.org/uk/ifrs/core/2009-09-01/uk-ifrs-2009-09-01.xsd#uk-ifrs_UKDeferredTaxExpenseCreditRelatingToOriginationReversalTemporaryDifferences" xlink:label="uk-ifrs_UKDeferredTaxExpenseCreditRelatingToOriginationReversalTemporaryDifferences" xlink:type="locator"/>
      <loc xlink:href="http://www.xbrl.org/uk/ifrs/core/2009-09-01/uk-ifrs-2009-09-01.xsd#uk-ifrs_UKDeferredTaxExpenseCreditRelatingToChangesInTaxRatesOrLaws" xlink:label="uk-ifrs_UKDeferredTaxExpenseCreditRelatingToChangesInTaxRatesOrLaws" xlink:type="locator"/>
      <loc xlink:href="http://www.xbrl.org/uk/ifrs/core/2009-09-01/uk-ifrs-2009-09-01.xsd#uk-ifrs_UKDeferredTaxExpenseCreditFromUnrecognisedTaxLossCreditOrTemporaryDifferenceFromPriorPeriod" xlink:label="uk-ifrs_UKDeferredTaxExpenseCreditFromUnrecognisedTaxLossCreditOrTemporaryDifferenceFromPriorPeriod" xlink:type="locator"/>
      <loc xlink:href="http://www.xbrl.org/uk/ifrs/core/2009-09-01/uk-ifrs-2009-09-01.xsd#uk-ifrs_UKDeferredTaxExpenseCreditFromUnrecognisedTaxLossOrCredit" xlink:label="uk-ifrs_UKDeferredTaxExpenseCreditFromUnrecognisedTaxLossOrCredit" xlink:type="locator"/>
      <loc xlink:href="http://www.xbrl.org/uk/ifrs/core/2009-09-01/uk-ifrs-2009-09-01.xsd#uk-ifrs_UKDeferredTaxExpenseCreditFromUnrecognisedTemporaryDifferenceFromPriorPeriod" xlink:label="uk-ifrs_UKDeferredTaxExpenseCreditFromUnrecognisedTemporaryDifferenceFromPriorPeriod" xlink:type="locator"/>
      <loc xlink:href="http://www.xbrl.org/uk/ifrs/core/2009-09-01/uk-ifrs-2009-09-01.xsd#uk-ifrs_UKDeferredTaxExpenseCreditFromWrite-downOrReversalWrite-downDeferredTaxAsset" xlink:label="uk-ifrs_UKDeferredTaxExpenseCreditFromWrite-downOrReversalWrite-downDeferredTaxAsset" xlink:type="locator"/>
      <loc xlink:href="http://www.xbrl.org/uk/ifrs/core/2009-09-01/uk-ifrs-2009-09-01.xsd#uk-ifrs_OtherUKDeferredTaxExpenseCredit" xlink:label="uk-ifrs_OtherUKDeferredTaxExpenseCredit" xlink:type="locator"/>
      <loc xlink:href="ie-ifrs-2012-12-01.xsd#ie-ifrs_TaxIncreaseDecreaseFromEffectDifferentROITaxRatesOnSomeEarnings" xlink:label="ie-ifrs_TaxIncreaseDecreaseFromEffectDifferentROITaxRatesOnSomeEarnings" xlink:type="locator"/>
      <loc xlink:href="http://www.xbrl.org/uk/ifrs/core/2009-09-01/uk-ifrs-2009-09-01.xsd#uk-ifrs_TaxIncreaseDecreaseFromEffectDifferentUKTaxRatesOnSomeEarnings" xlink:label="uk-ifrs_TaxIncreaseDecreaseFromEffectDifferentUKTaxRatesOnSomeEarnings" xlink:type="locator"/>
      <loc xlink:href="ie-ifrs-2012-12-01.xsd#ie-ifrs_TaxRateEffectDifferentROITaxRatesOnSomeEarnings" xlink:label="ie-ifrs_TaxRateEffectDifferentROITaxRatesOnSomeEarnings" xlink:type="locator"/>
      <loc xlink:href="http://www.xbrl.org/uk/ifrs/core/2009-09-01/uk-ifrs-2009-09-01.xsd#uk-ifrs_TaxRateEffectDifferentUKTaxRatesOnSomeEarnings" xlink:label="uk-ifrs_TaxRateEffectDifferentUKTaxRatesOnSomeEarnings" xlink:type="locator"/>
      <loc xlink:href="ie-ifrs-2012-12-01.xsd#ie-ifrs_TaxRateEffectOFROIDeferredTaxExpenseCreditRelatingToChangesInTaxRatesOrLaws" xlink:label="ie-ifrs_TaxRateEffectOFROIDeferredTaxExpenseCreditRelatingToChangesInTaxRatesOrLaws" xlink:type="locator"/>
      <loc xlink:href="http://www.xbrl.org/uk/ifrs/core/2009-09-01/uk-ifrs-2009-09-01.xsd#uk-ifrs_TaxRateEffectOFUKDeferredTaxExpenseCreditRelatingToChangesInTaxRatesOrLaws" xlink:label="uk-ifrs_TaxRateEffectOFUKDeferredTaxExpenseCreditRelatingToChangesInTaxRatesOrLaws" xlink:type="locator"/>
      <loc xlink:href="ie-ifrs-2012-12-01.xsd#ie-ifrs_TaxRateEffectChangeInROIForeignCurrentTaxFromUnrecognisedTaxLossOrCredit" xlink:label="ie-ifrs_TaxRateEffectChangeInROIForeignCurrentTaxFromUnrecognisedTaxLossOrCredit" xlink:type="locator"/>
      <loc xlink:href="ie-ifrs-2012-12-01.xsd#ie-ifrs_TaxRateEffectChangeInROIForeignCurrentTaxFromUnrecognisedTemporaryDifferenceFromPriorPeriod" xlink:label="ie-ifrs_TaxRateEffectChangeInROIForeignCurrentTaxFromUnrecognisedTemporaryDifferenceFromPriorPeriod" xlink:type="locator"/>
      <loc xlink:href="http://www.xbrl.org/uk/ifrs/core/2009-09-01/uk-ifrs-2009-09-01.xsd#uk-ifrs_TaxRateEffectChangeInUKForeignCurrentTaxFromUnrecognisedTaxLossOrCredit" xlink:label="uk-ifrs_TaxRateEffectChangeInUKForeignCurrentTaxFromUnrecognisedTaxLossOrCredit" xlink:type="locator"/>
      <loc xlink:href="http://www.xbrl.org/uk/ifrs/core/2009-09-01/uk-ifrs-2009-09-01.xsd#uk-ifrs_TaxRateEffectChangeInUKForeignCurrentTaxFromUnrecognisedTemporaryDifferenceFromPriorPeriod" xlink:label="uk-ifrs_TaxRateEffectChangeInUKForeignCurrentTaxFromUnrecognisedTemporaryDifferenceFromPriorPeriod" xlink:type="locator"/>
      <loc xlink:href="ie-ifrs-2012-12-01.xsd#ie-ifrs_TaxRateEffectAdjustmentROIForeignCurrentTaxForPriorPeriods" xlink:label="ie-ifrs_TaxRateEffectAdjustmentROIForeignCurrentTaxForPriorPeriods" xlink:type="locator"/>
      <loc xlink:href="http://www.xbrl.org/uk/ifrs/core/2009-09-01/uk-ifrs-2009-09-01.xsd#uk-ifrs_TaxRateEffectAdjustmentUKForeignCurrentTaxForPriorPeriods" xlink:label="uk-ifrs_TaxRateEffectAdjustmentUKForeignCurrentTaxForPriorPeriods" xlink:type="locator"/>
      <loc xlink:href="ie-ifrs-2012-12-01.xsd#ie-ifrs_EquitySecurities-IrelandFinancialAssetsThroughProfitLossDesignated" xlink:label="ie-ifrs_EquitySecurities-IrelandFinancialAssetsThroughProfitLossDesignated" xlink:type="locator"/>
      <loc xlink:href="ie-ifrs-2012-12-01.xsd#ie-ifrs_EquitySecurities-IrelandFinancialAssetsThroughProfitLossHeldForTrading" xlink:label="ie-ifrs_EquitySecurities-IrelandFinancialAssetsThroughProfitLossHeldForTrading" xlink:type="locator"/>
      <loc xlink:href="ie-ifrs-2012-12-01.xsd#ie-ifrs_EquitySecurities-IrelandAvailable-for-saleFinancialAssets" xlink:label="ie-ifrs_EquitySecurities-IrelandAvailable-for-saleFinancialAssets" xlink:type="locator"/>
      <loc xlink:href="ie-ifrs-2012-12-01.xsd#ie-ifrs_ChangeInEquitySecurities-IrelandFinancialAssetsThroughProfitLossHeldForTrading" xlink:label="ie-ifrs_ChangeInEquitySecurities-IrelandFinancialAssetsThroughProfitLossHeldForTrading" xlink:type="locator"/>
      <loc xlink:href="ie-ifrs-2012-12-01.xsd#ie-ifrs_ChangeInEquitySecurities-IrelandFinancialAssetsThroughProfitLossDesignated" xlink:label="ie-ifrs_ChangeInEquitySecurities-IrelandFinancialAssetsThroughProfitLossDesignated" xlink:type="locator"/>
      <loc xlink:href="ie-ifrs-2012-12-01.xsd#ie-ifrs_ChangeInEquitySecurities-IrelandAvailable-for-saleFinancialAssets" xlink:label="ie-ifrs_ChangeInEquitySecurities-IrelandAvailable-for-saleFinancialAssets" xlink:type="locator"/>
      <loc xlink:href="ie-ifrs-2012-12-01.xsd#ie-ifrs_LongevityFiguresIrelandHeading" xlink:label="ie-ifrs_LongevityFiguresIrelandHeading" xlink:type="locator"/>
      <loc xlink:href="ie-ifrs-2012-12-01.xsd#ie-ifrs_LongevityInYearsRetirementForCurrentIrishPensionersMen" xlink:label="ie-ifrs_LongevityInYearsRetirementForCurrentIrishPensionersMen" xlink:type="locator"/>
      <loc xlink:href="ie-ifrs-2012-12-01.xsd#ie-ifrs_LongevityInYearsRetirementForFutureIrishPensionersMen" xlink:label="ie-ifrs_LongevityInYearsRetirementForFutureIrishPensionersMen" xlink:type="locator"/>
      <loc xlink:href="ie-ifrs-2012-12-01.xsd#ie-ifrs_LongevityInYearsRetirementForCurrentIrishPensionersWomen" xlink:label="ie-ifrs_LongevityInYearsRetirementForCurrentIrishPensionersWomen" xlink:type="locator"/>
      <loc xlink:href="ie-ifrs-2012-12-01.xsd#ie-ifrs_LongevityInYearsRetirementForFutureIrishPensionersWomen" xlink:label="ie-ifrs_LongevityInYearsRetirementForFutureIrishPensionersWomen" xlink:type="locator"/>
      <loc xlink:href="http://www.xbrl.org/uk/ifrs/core/2009-09-01/uk-ifrs-2009-09-01.xsd#uk-ifrs_LongevityFiguresUKHeading" xlink:label="uk-ifrs_LongevityFiguresUKHeading" xlink:type="locator"/>
      <loc xlink:href="http://www.xbrl.org/uk/ifrs/core/2009-09-01/uk-ifrs-2009-09-01.xsd#uk-ifrs_LongevityInYearsRetirementForCurrentUKPensionersMen" xlink:label="uk-ifrs_LongevityInYearsRetirementForCurrentUKPensionersMen" xlink:type="locator"/>
      <loc xlink:href="http://www.xbrl.org/uk/ifrs/core/2009-09-01/uk-ifrs-2009-09-01.xsd#uk-ifrs_LongevityInYearsRetirementForFutureUKPensionersMen" xlink:label="uk-ifrs_LongevityInYearsRetirementForFutureUKPensionersMen" xlink:type="locator"/>
      <loc xlink:href="http://www.xbrl.org/uk/ifrs/core/2009-09-01/uk-ifrs-2009-09-01.xsd#uk-ifrs_LongevityInYearsRetirementForCurrentUKPensionersWomen" xlink:label="uk-ifrs_LongevityInYearsRetirementForCurrentUKPensionersWomen" xlink:type="locator"/>
      <loc xlink:href="http://www.xbrl.org/uk/ifrs/core/2009-09-01/uk-ifrs-2009-09-01.xsd#uk-ifrs_LongevityInYearsRetirementForFutureUKPensionersWomen" xlink:label="uk-ifrs_LongevityInYearsRetirementForFutureUKPensionersWomen" xlink:type="locator"/>
      <loc xlink:href="http://www.xbrl.org/uk/ifrs/core/2009-09-01/uk-ifrs-2009-09-01.xsd#uk-ifrs_TotalCurrentTaxExpenseCredit" xlink:label="uk-ifrs_TotalCurrentTaxExpenseCredit" xlink:type="locator"/>
      <loc xlink:href="http://xbrl.iasb.org/taxonomy/2009-04-01/ifrs-cor_2009-04-01.xsd#ifrs_DeferredTaxExpenseIncome" xlink:label="ifrs_DeferredTaxExpenseIncome" xlink:type="locator"/>
      <loc xlink:href="http://www.xbrl.org/uk/ifrs/core/2009-09-01/uk-ifrs-2009-09-01.xsd#uk-ifrs_ReconciliationShowingAccountingProfitMultipliedByApplicableTaxRatesHeading" xlink:label="uk-ifrs_ReconciliationShowingAccountingProfitMultipliedByApplicableTaxRatesHeading" xlink:type="locator"/>
      <loc xlink:href="http://www.xbrl.org/uk/ifrs/core/2009-09-01/uk-ifrs-2009-09-01.xsd#uk-ifrs_ReconciliationShowingAverageEffectiveTaxRateApplicableTaxRateHeading" xlink:label="uk-ifrs_ReconciliationShowingAverageEffectiveTaxRateApplicableTaxRateHeading" xlink:type="locator"/>
      <loc xlink:href="http://xbrl.iasb.org/taxonomy/2009-04-01/ifrs-cor_2009-04-01.xsd#ifrs_FinancialAssetsAtFairValueThroughProfitOrLossDesignatedAsUponInitialRecognition" xlink:label="ifrs_FinancialAssetsAtFairValueThroughProfitOrLossDesignatedAsUponInitialRecognition" xlink:type="locator"/>
      <loc xlink:href="http://xbrl.iasb.org/taxonomy/2009-04-01/ifrs-cor_2009-04-01.xsd#ifrs_FinancialAssetsAtFairValueThroughProfitOrLossClassifiedAsHeldForTrading" xlink:label="ifrs_FinancialAssetsAtFairValueThroughProfitOrLossClassifiedAsHeldForTrading" xlink:type="locator"/>
      <loc xlink:href="http://xbrl.iasb.org/taxonomy/2009-04-01/ifrs-cor_2009-04-01.xsd#ifrs_FinancialAssetsAvailableforsale" xlink:label="ifrs_FinancialAssetsAvailableforsale" xlink:type="locator"/>
      <loc xlink:href="http://www.xbrl.org/uk/ifrs/core/2009-09-01/uk-ifrs-2009-09-01.xsd#uk-ifrs_ChangeInFinancialAssetsThroughProfitLossHeldForTrading" xlink:label="uk-ifrs_ChangeInFinancialAssetsThroughProfitLossHeldForTrading" xlink:type="locator"/>
      <loc xlink:href="http://www.xbrl.org/uk/ifrs/core/2009-09-01/uk-ifrs-2009-09-01.xsd#uk-ifrs_ChangeInFinancialAssetsThroughProfitLossDesignated" xlink:label="uk-ifrs_ChangeInFinancialAssetsThroughProfitLossDesignated" xlink:type="locator"/>
      <loc xlink:href="http://www.xbrl.org/uk/ifrs/core/2009-09-01/uk-ifrs-2009-09-01.xsd#uk-ifrs_ChangeInAvailable-for-saleFinancialAssets" xlink:label="uk-ifrs_ChangeInAvailable-for-saleFinancialAssets" xlink:type="locator"/>
      <loc xlink:href="http://www.xbrl.org/uk/ifrs/core/2009-09-01/uk-ifrs-2009-09-01.xsd#uk-ifrs_MortalityAssumptionsHeading" xlink:label="uk-ifrs_MortalityAssumptionsHeading" xlink:type="locator"/>
      <presentationArc order="1.0" xlink:arcrole="http://www.xbrl.org/2003/arcrole/parent-child" xlink:from="uk-ifrs_TotalCurrentTaxExpenseCredit" xlink:to="ie-ifrs_ROIForeignCurrentTaxForPeriod" xlink:type="arc"/>
      <presentationArc order="2.0" xlink:arcrole="http://www.xbrl.org/2003/arcrole/parent-child" xlink:from="uk-ifrs_TotalCurrentTaxExpenseCredit" xlink:to="ie-ifrs_IncreaseDecreaseInROIForeignCurrentTaxFromAdjustmentForPriorPeriods" xlink:type="arc"/>
      <presentationArc order="3.0" xlink:arcrole="http://www.xbrl.org/2003/arcrole/parent-child" xlink:from="uk-ifrs_TotalCurrentTaxExpenseCredit" xlink:to="ie-ifrs_IncreaseDecreaseInROIForeignCurrentTaxDueToChangesInAccountingPoliciesErrors" xlink:type="arc"/>
      <presentationArc order="4.0" xlink:arcrole="http://www.xbrl.org/2003/arcrole/parent-child" xlink:from="uk-ifrs_TotalCurrentTaxExpenseCredit" xlink:to="ie-ifrs_IncreaseDecreaseInROIForeignCurrentTaxFromUnrecognisedTaxLossCreditTemporaryDifferenceFromPriorPeriod" xlink:type="arc"/>
      <presentationArc order="1.0" xlink:arcrole="http://www.xbrl.org/2003/arcrole/parent-child" xlink:from="ie-ifrs_IncreaseDecreaseInROIForeignCurrentTaxFromUnrecognisedTaxLossCreditTemporaryDifferenceFromPriorPeriod" xlink:to="ie-ifrs_IncreaseDecreaseInROIForeignCurrentTaxFromUnrecognisedTaxLossOrCredit" xlink:type="arc"/>
      <presentationArc order="2.0" xlink:arcrole="http://www.xbrl.org/2003/arcrole/parent-child" xlink:from="ie-ifrs_IncreaseDecreaseInROIForeignCurrentTaxFromUnrecognisedTaxLossCreditTemporaryDifferenceFromPriorPeriod" xlink:to="ie-ifrs_IncreaseDecreaseInROIForeignCurrentTaxFromUnrecognisedTemporaryDifferenceFromPriorPeriod" xlink:type="arc"/>
      <presentationArc order="5.0" xlink:arcrole="http://www.xbrl.org/2003/arcrole/parent-child" xlink:from="uk-ifrs_TotalCurrentTaxExpenseCredit" xlink:to="ie-ifrs_ROICurrentTax" xlink:type="arc"/>
      <presentationArc order="1.0" xlink:arcrole="http://www.xbrl.org/2003/arcrole/parent-child" xlink:from="ie-ifrs_ROICurrentTax" xlink:to="ie-ifrs_ROICurrentCorporationTaxOnIncomeForPeriod" xlink:type="arc"/>
      <presentationArc order="2.0" xlink:arcrole="http://www.xbrl.org/2003/arcrole/parent-child" xlink:from="ie-ifrs_ROICurrentTax" xlink:to="ie-ifrs_IncreaseDecreaseInROICorporationTaxFromAdjustmentForPriorPeriods" xlink:type="arc"/>
      <presentationArc order="3.0" xlink:arcrole="http://www.xbrl.org/2003/arcrole/parent-child" xlink:from="ie-ifrs_ROICurrentTax" xlink:to="ie-ifrs_IncreaseDecreaseInROICurrentTaxDueToChangesInAccountingPoliciesErrors" xlink:type="arc"/>
      <presentationArc order="3.5" xlink:arcrole="http://www.xbrl.org/2003/arcrole/parent-child" xlink:from="ie-ifrs_ROICurrentTax" xlink:to="ie-ifrs_IncreaseDecreaseInROICurrentTaxFromUnrecognisedTaxLossCreditOrTemporaryDifferenceFromPriorPeriod" xlink:type="arc"/>
      <presentationArc order="1.5" xlink:arcrole="http://www.xbrl.org/2003/arcrole/parent-child" xlink:from="ie-ifrs_IncreaseDecreaseInROICurrentTaxFromUnrecognisedTaxLossCreditOrTemporaryDifferenceFromPriorPeriod" xlink:to="ie-ifrs_IncreaseDecreaseInROICurrentTaxFromUnrecognisedTaxLossOrCredit" xlink:type="arc"/>
      <presentationArc order="2.0" xlink:arcrole="http://www.xbrl.org/2003/arcrole/parent-child" xlink:from="ie-ifrs_IncreaseDecreaseInROICurrentTaxFromUnrecognisedTaxLossCreditOrTemporaryDifferenceFromPriorPeriod" xlink:to="ie-ifrs_IncreaseDecreaseInROICurrentTaxFromUnrecognisedTemporaryDifferenceFromPriorPeriod" xlink:type="arc"/>
      <presentationArc order="4.0" xlink:arcrole="http://www.xbrl.org/2003/arcrole/parent-child" xlink:from="ie-ifrs_ROICurrentTax" xlink:to="uk-ifrs_DoubleTaxationRelief" xlink:type="arc"/>
      <presentationArc order="5.0" xlink:arcrole="http://www.xbrl.org/2003/arcrole/parent-child" xlink:from="ie-ifrs_ROICurrentTax" xlink:to="uk-ifrs_WitholdingTax" xlink:type="arc"/>
      <presentationArc order="5.5" xlink:arcrole="http://www.xbrl.org/2003/arcrole/parent-child" xlink:from="ie-ifrs_ROICurrentTax" xlink:to="uk-ifrs_GroupTaxReliefReceivedPaid" xlink:type="arc"/>
      <presentationArc order="6.0" xlink:arcrole="http://www.xbrl.org/2003/arcrole/parent-child" xlink:from="ie-ifrs_ROICurrentTax" xlink:to="uk-ifrs_ResearchDevelopmentTaxCredit" xlink:type="arc"/>
      <presentationArc order="1.0" xlink:arcrole="http://www.xbrl.org/2003/arcrole/parent-child" xlink:from="uk-ifrs_TotalCurrentTaxExpenseCredit" xlink:to="uk-ifrs_UKForeignCurrentTaxForPeriod" xlink:type="arc" use="prohibited" />
      <presentationArc order="2.0" xlink:arcrole="http://www.xbrl.org/2003/arcrole/parent-child" xlink:from="uk-ifrs_TotalCurrentTaxExpenseCredit" xlink:to="uk-ifrs_IncreaseDecreaseInUKForeignCurrentTaxFromAdjustmentForPriorPeriods" xlink:type="arc" use="prohibited" />
      <presentationArc order="3.0" xlink:arcrole="http://www.xbrl.org/2003/arcrole/parent-child" xlink:from="uk-ifrs_TotalCurrentTaxExpenseCredit" xlink:to="ifrs_TaxExpenseIncomeRelatingToChangesInAccountingPoliciesAndErrorsIncludedInProfitOrLoss" xlink:type="arc" use="prohibited" />
      <presentationArc order="4.0" xlink:arcrole="http://www.xbrl.org/2003/arcrole/parent-child" xlink:from="uk-ifrs_TotalCurrentTaxExpenseCredit" xlink:to="ifrs_TaxBenefitArisingFromPreviouslyUnrecognisedTaxLossTaxCreditOrTemporaryDifferenceOfPriorPeriodUsedToReduceCurrentTaxExpense" xlink:type="arc" use="prohibited" />
      <presentationArc order="1.0" xlink:arcrole="http://www.xbrl.org/2003/arcrole/parent-child" xlink:from="ifrs_TaxBenefitArisingFromPreviouslyUnrecognisedTaxLossTaxCreditOrTemporaryDifferenceOfPriorPeriodUsedToReduceCurrentTaxExpense" xlink:to="uk-ifrs_IncreaseDecreaseInUKForeignCurrentTaxFromUnrecognisedTaxLossOrCredit" xlink:type="arc" use="prohibited" />
      <presentationArc order="2.0" xlink:arcrole="http://www.xbrl.org/2003/arcrole/parent-child" xlink:from="ifrs_TaxBenefitArisingFromPreviouslyUnrecognisedTaxLossTaxCreditOrTemporaryDifferenceOfPriorPeriodUsedToReduceCurrentTaxExpense" xlink:to="uk-ifrs_IncreaseDecreaseInUKForeignCurrentTaxFromUnrecognisedTemporaryDifferenceFromPriorPeriod" xlink:type="arc" use="prohibited" />
      <presentationArc order="5.0" xlink:arcrole="http://www.xbrl.org/2003/arcrole/parent-child" xlink:from="uk-ifrs_TotalCurrentTaxExpenseCredit" xlink:to="uk-ifrs_UKCurrentTax" xlink:type="arc" use="prohibited" />
      <presentationArc order="1.0" xlink:arcrole="http://www.xbrl.org/2003/arcrole/parent-child" xlink:from="uk-ifrs_UKCurrentTax" xlink:to="uk-ifrs_UKCurrentCorporationTaxOnIncomeForPeriod" xlink:type="arc" use="prohibited" />
      <presentationArc order="2.0" xlink:arcrole="http://www.xbrl.org/2003/arcrole/parent-child" xlink:from="uk-ifrs_UKCurrentTax" xlink:to="uk-ifrs_IncreaseDecreaseInUKCorporationTaxFromAdjustmentForPriorPeriods" xlink:type="arc" use="prohibited" />
      <presentationArc order="3.0" xlink:arcrole="http://www.xbrl.org/2003/arcrole/parent-child" xlink:from="uk-ifrs_UKCurrentTax" xlink:to="uk-ifrs_IncreaseDecreaseInUKCurrentTaxDueToChangesInAccountingPoliciesErrors" xlink:type="arc" use="prohibited" />
      <presentationArc order="3.5" xlink:arcrole="http://www.xbrl.org/2003/arcrole/parent-child" xlink:from="uk-ifrs_UKCurrentTax" xlink:to="uk-ifrs_IncreaseDecreaseInUKCurrentTaxFromUnrecognisedTaxLossCreditOrTemporaryDifferenceFromPriorPeriod" xlink:type="arc" use="prohibited" />
      <presentationArc order="1.5" xlink:arcrole="http://www.xbrl.org/2003/arcrole/parent-child" xlink:from="uk-ifrs_IncreaseDecreaseInUKCurrentTaxFromUnrecognisedTaxLossCreditOrTemporaryDifferenceFromPriorPeriod" xlink:to="uk-ifrs_IncreaseDecreaseInUKCurrentTaxFromUnrecognisedTaxLossOrCredit" xlink:type="arc" use="prohibited" />
      <presentationArc order="2.0" xlink:arcrole="http://www.xbrl.org/2003/arcrole/parent-child" xlink:from="uk-ifrs_IncreaseDecreaseInUKCurrentTaxFromUnrecognisedTaxLossCreditOrTemporaryDifferenceFromPriorPeriod" xlink:to="uk-ifrs_IncreaseDecreaseInUKCurrentTaxFromUnrecognisedTemporaryDifferenceFromPriorPeriod" xlink:type="arc" use="prohibited" />
      <presentationArc order="4.0" xlink:arcrole="http://www.xbrl.org/2003/arcrole/parent-child" xlink:from="uk-ifrs_UKCurrentTax" xlink:to="uk-ifrs_DoubleTaxationRelief" xlink:type="arc" use="prohibited" />
      <presentationArc order="5.0" xlink:arcrole="http://www.xbrl.org/2003/arcrole/parent-child" xlink:from="uk-ifrs_UKCurrentTax" xlink:to="uk-ifrs_WitholdingTax" xlink:type="arc" use="prohibited" />
      <presentationArc order="5.5" xlink:arcrole="http://www.xbrl.org/2003/arcrole/parent-child" xlink:from="uk-ifrs_UKCurrentTax" xlink:to="uk-ifrs_GroupTaxReliefReceivedPaid" xlink:type="arc" use="prohibited" />
      <presentationArc order="6.0" xlink:arcrole="http://www.xbrl.org/2003/arcrole/parent-child" xlink:from="uk-ifrs_UKCurrentTax" xlink:to="uk-ifrs_ResearchDevelopmentTaxCredit" xlink:type="arc" use="prohibited" />
      <presentationArc order="6.0" xlink:arcrole="http://www.xbrl.org/2003/arcrole/parent-child" xlink:from="ifrs_DeferredTaxExpenseIncome" xlink:to="ie-ifrs_ROIDeferredTaxExpenseCredit" xlink:type="arc"/>
      <presentationArc order="1.0" xlink:arcrole="http://www.xbrl.org/2003/arcrole/parent-child" xlink:from="ie-ifrs_ROIDeferredTaxExpenseCredit" xlink:to="ie-ifrs_ROIDeferredTaxExpenseCreditRelatingToOriginationReversalTemporaryDifferences" xlink:type="arc"/>
      <presentationArc order="2.0" xlink:arcrole="http://www.xbrl.org/2003/arcrole/parent-child" xlink:from="ie-ifrs_ROIDeferredTaxExpenseCredit" xlink:to="ie-ifrs_ROIDeferredTaxExpenseCreditRelatingToChangesInTaxRatesOrLaws" xlink:type="arc"/>
      <presentationArc order="4.0" xlink:arcrole="http://www.xbrl.org/2003/arcrole/parent-child" xlink:from="ie-ifrs_ROIDeferredTaxExpenseCredit" xlink:to="ie-ifrs_ROIDeferredTaxExpenseCreditFromUnrecognisedTaxLossCreditOrTemporaryDifferenceFromPriorPeriod" xlink:type="arc"/>
      <presentationArc order="1.0" xlink:arcrole="http://www.xbrl.org/2003/arcrole/parent-child" xlink:from="ie-ifrs_ROIDeferredTaxExpenseCreditFromUnrecognisedTaxLossCreditOrTemporaryDifferenceFromPriorPeriod" xlink:to="ie-ifrs_ROIDeferredTaxExpenseCreditFromUnrecognisedTaxLossOrCredit" xlink:type="arc"/>
      <presentationArc order="1.2" xlink:arcrole="http://www.xbrl.org/2003/arcrole/parent-child" xlink:from="ie-ifrs_ROIDeferredTaxExpenseCreditFromUnrecognisedTaxLossCreditOrTemporaryDifferenceFromPriorPeriod" xlink:to="ie-ifrs_ROIDeferredTaxExpenseCreditFromUnrecognisedTemporaryDifferenceFromPriorPeriod" xlink:type="arc"/>
      <presentationArc order="5.0" xlink:arcrole="http://www.xbrl.org/2003/arcrole/parent-child" xlink:from="ie-ifrs_ROIDeferredTaxExpenseCredit" xlink:to="ie-ifrs_ROIDeferredTaxExpenseCreditFromWrite-downOrReversalWrite-downDeferredTaxAsset" xlink:type="arc"/>
      <presentationArc order="6.0" xlink:arcrole="http://www.xbrl.org/2003/arcrole/parent-child" xlink:from="ie-ifrs_ROIDeferredTaxExpenseCredit" xlink:to="ie-ifrs_OtherROIDeferredTaxExpenseCredit" xlink:type="arc"/>
      <presentationArc order="6.0" xlink:arcrole="http://www.xbrl.org/2003/arcrole/parent-child" xlink:from="ifrs_DeferredTaxExpenseIncome" xlink:to="uk-ifrs_UKDeferredTaxExpenseCredit" xlink:type="arc" use="prohibited" />
      <presentationArc order="1.0" xlink:arcrole="http://www.xbrl.org/2003/arcrole/parent-child" xlink:from="uk-ifrs_UKDeferredTaxExpenseCredit" xlink:to="uk-ifrs_UKDeferredTaxExpenseCreditRelatingToOriginationReversalTemporaryDifferences" xlink:type="arc" use="prohibited" />
      <presentationArc order="2.0" xlink:arcrole="http://www.xbrl.org/2003/arcrole/parent-child" xlink:from="uk-ifrs_UKDeferredTaxExpenseCredit" xlink:to="uk-ifrs_UKDeferredTaxExpenseCreditRelatingToChangesInTaxRatesOrLaws" xlink:type="arc" use="prohibited" />
      <presentationArc order="4.0" xlink:arcrole="http://www.xbrl.org/2003/arcrole/parent-child" xlink:from="uk-ifrs_UKDeferredTaxExpenseCredit" xlink:to="uk-ifrs_UKDeferredTaxExpenseCreditFromUnrecognisedTaxLossCreditOrTemporaryDifferenceFromPriorPeriod" xlink:type="arc" use="prohibited" />
      <presentationArc order="1.0" xlink:arcrole="http://www.xbrl.org/2003/arcrole/parent-child" xlink:from="uk-ifrs_UKDeferredTaxExpenseCreditFromUnrecognisedTaxLossCreditOrTemporaryDifferenceFromPriorPeriod" xlink:to="uk-ifrs_UKDeferredTaxExpenseCreditFromUnrecognisedTaxLossOrCredit" xlink:type="arc" use="prohibited" />
      <presentationArc order="1.2" xlink:arcrole="http://www.xbrl.org/2003/arcrole/parent-child" xlink:from="uk-ifrs_UKDeferredTaxExpenseCreditFromUnrecognisedTaxLossCreditOrTemporaryDifferenceFromPriorPeriod" xlink:to="uk-ifrs_UKDeferredTaxExpenseCreditFromUnrecognisedTemporaryDifferenceFromPriorPeriod" xlink:type="arc" use="prohibited" />
      <presentationArc order="5.0" xlink:arcrole="http://www.xbrl.org/2003/arcrole/parent-child" xlink:from="uk-ifrs_UKDeferredTaxExpenseCredit" xlink:to="uk-ifrs_UKDeferredTaxExpenseCreditFromWrite-downOrReversalWrite-downDeferredTaxAsset" xlink:type="arc" use="prohibited" />
      <presentationArc order="6.0" xlink:arcrole="http://www.xbrl.org/2003/arcrole/parent-child" xlink:from="uk-ifrs_UKDeferredTaxExpenseCredit" xlink:to="uk-ifrs_OtherUKDeferredTaxExpenseCredit" xlink:type="arc" use="prohibited" />
      <presentationArc order="2.0" xlink:arcrole="http://www.xbrl.org/2003/arcrole/parent-child" xlink:from="uk-ifrs_ReconciliationShowingAccountingProfitMultipliedByApplicableTaxRatesHeading" xlink:to="ie-ifrs_TaxIncreaseDecreaseFromEffectDifferentROITaxRatesOnSomeEarnings" xlink:type="arc"/>
      <presentationArc order="2.0" xlink:arcrole="http://www.xbrl.org/2003/arcrole/parent-child" xlink:from="uk-ifrs_ReconciliationShowingAccountingProfitMultipliedByApplicableTaxRatesHeading" xlink:to="uk-ifrs_TaxIncreaseDecreaseFromEffectDifferentUKTaxRatesOnSomeEarnings" xlink:type="arc" use="prohibited" />
      <presentationArc order="9.0" xlink:arcrole="http://www.xbrl.org/2003/arcrole/parent-child" xlink:from="uk-ifrs_ReconciliationShowingAccountingProfitMultipliedByApplicableTaxRatesHeading" xlink:to="ie-ifrs_ROIDeferredTaxExpenseCreditRelatingToChangesInTaxRatesOrLaws" xlink:type="arc"/>
      <presentationArc order="9.0" xlink:arcrole="http://www.xbrl.org/2003/arcrole/parent-child" xlink:from="uk-ifrs_ReconciliationShowingAccountingProfitMultipliedByApplicableTaxRatesHeading" xlink:to="uk-ifrs_UKDeferredTaxExpenseCreditRelatingToChangesInTaxRatesOrLaws" xlink:type="arc" use="prohibited" />
      <presentationArc order="12.5" xlink:arcrole="http://www.xbrl.org/2003/arcrole/parent-child" xlink:from="uk-ifrs_ReconciliationShowingAccountingProfitMultipliedByApplicableTaxRatesHeading" xlink:to="ie-ifrs_IncreaseDecreaseInROIForeignCurrentTaxFromUnrecognisedTaxLossOrCredit" xlink:type="arc"/>
      <presentationArc order="12.7" xlink:arcrole="http://www.xbrl.org/2003/arcrole/parent-child" xlink:from="uk-ifrs_ReconciliationShowingAccountingProfitMultipliedByApplicableTaxRatesHeading" xlink:to="ie-ifrs_IncreaseDecreaseInROIForeignCurrentTaxFromUnrecognisedTemporaryDifferenceFromPriorPeriod" xlink:type="arc"/>
      <presentationArc order="12.5" xlink:arcrole="http://www.xbrl.org/2003/arcrole/parent-child" xlink:from="uk-ifrs_ReconciliationShowingAccountingProfitMultipliedByApplicableTaxRatesHeading" xlink:to="uk-ifrs_IncreaseDecreaseInUKForeignCurrentTaxFromUnrecognisedTaxLossOrCredit" xlink:type="arc" use="prohibited" />
      <presentationArc order="12.7" xlink:arcrole="http://www.xbrl.org/2003/arcrole/parent-child" xlink:from="uk-ifrs_ReconciliationShowingAccountingProfitMultipliedByApplicableTaxRatesHeading" xlink:to="uk-ifrs_IncreaseDecreaseInUKForeignCurrentTaxFromUnrecognisedTemporaryDifferenceFromPriorPeriod" xlink:type="arc" use="prohibited" />
      <presentationArc order="15.0" xlink:arcrole="http://www.xbrl.org/2003/arcrole/parent-child" xlink:from="uk-ifrs_ReconciliationShowingAccountingProfitMultipliedByApplicableTaxRatesHeading" xlink:to="ie-ifrs_IncreaseDecreaseInROIForeignCurrentTaxFromAdjustmentForPriorPeriods" xlink:type="arc"/>
      <presentationArc order="15.0" xlink:arcrole="http://www.xbrl.org/2003/arcrole/parent-child" xlink:from="uk-ifrs_ReconciliationShowingAccountingProfitMultipliedByApplicableTaxRatesHeading" xlink:to="uk-ifrs_IncreaseDecreaseInUKForeignCurrentTaxFromAdjustmentForPriorPeriods" xlink:type="arc" use="prohibited" />
      <presentationArc order="2.0" xlink:arcrole="http://www.xbrl.org/2003/arcrole/parent-child" xlink:from="uk-ifrs_ReconciliationShowingAverageEffectiveTaxRateApplicableTaxRateHeading" xlink:to="ie-ifrs_TaxRateEffectDifferentROITaxRatesOnSomeEarnings" xlink:type="arc"/>
      <presentationArc order="2.0" xlink:arcrole="http://www.xbrl.org/2003/arcrole/parent-child" xlink:from="uk-ifrs_ReconciliationShowingAverageEffectiveTaxRateApplicableTaxRateHeading" xlink:to="uk-ifrs_TaxRateEffectDifferentUKTaxRatesOnSomeEarnings" xlink:type="arc" use="prohibited" />
      <presentationArc order="9.0" xlink:arcrole="http://www.xbrl.org/2003/arcrole/parent-child" xlink:from="uk-ifrs_ReconciliationShowingAverageEffectiveTaxRateApplicableTaxRateHeading" xlink:to="ie-ifrs_TaxRateEffectOFROIDeferredTaxExpenseCreditRelatingToChangesInTaxRatesOrLaws" xlink:type="arc"/>
      <presentationArc order="9.0" xlink:arcrole="http://www.xbrl.org/2003/arcrole/parent-child" xlink:from="uk-ifrs_ReconciliationShowingAverageEffectiveTaxRateApplicableTaxRateHeading" xlink:to="uk-ifrs_TaxRateEffectOFUKDeferredTaxExpenseCreditRelatingToChangesInTaxRatesOrLaws" xlink:type="arc" use="prohibited" />
      <presentationArc order="12.5" xlink:arcrole="http://www.xbrl.org/2003/arcrole/parent-child" xlink:from="uk-ifrs_ReconciliationShowingAverageEffectiveTaxRateApplicableTaxRateHeading" xlink:to="ie-ifrs_TaxRateEffectChangeInROIForeignCurrentTaxFromUnrecognisedTaxLossOrCredit" xlink:type="arc"/>
      <presentationArc order="13.0" xlink:arcrole="http://www.xbrl.org/2003/arcrole/parent-child" xlink:from="uk-ifrs_ReconciliationShowingAverageEffectiveTaxRateApplicableTaxRateHeading" xlink:to="ie-ifrs_TaxRateEffectChangeInROIForeignCurrentTaxFromUnrecognisedTemporaryDifferenceFromPriorPeriod" xlink:type="arc"/>
      <presentationArc order="12.5" xlink:arcrole="http://www.xbrl.org/2003/arcrole/parent-child" xlink:from="uk-ifrs_ReconciliationShowingAverageEffectiveTaxRateApplicableTaxRateHeading" xlink:to="uk-ifrs_TaxRateEffectChangeInUKForeignCurrentTaxFromUnrecognisedTaxLossOrCredit" xlink:type="arc" use="prohibited" />
      <presentationArc order="13.0" xlink:arcrole="http://www.xbrl.org/2003/arcrole/parent-child" xlink:from="uk-ifrs_ReconciliationShowingAverageEffectiveTaxRateApplicableTaxRateHeading" xlink:to="uk-ifrs_TaxRateEffectChangeInUKForeignCurrentTaxFromUnrecognisedTemporaryDifferenceFromPriorPeriod" xlink:type="arc" use="prohibited" />
      <presentationArc order="15.0" xlink:arcrole="http://www.xbrl.org/2003/arcrole/parent-child" xlink:from="uk-ifrs_ReconciliationShowingAverageEffectiveTaxRateApplicableTaxRateHeading" xlink:to="ie-ifrs_TaxRateEffectAdjustmentROIForeignCurrentTaxForPriorPeriods" xlink:type="arc"/>
      <presentationArc order="15.0" xlink:arcrole="http://www.xbrl.org/2003/arcrole/parent-child" xlink:from="uk-ifrs_ReconciliationShowingAverageEffectiveTaxRateApplicableTaxRateHeading" xlink:to="uk-ifrs_TaxRateEffectAdjustmentUKForeignCurrentTaxForPriorPeriods" xlink:type="arc" use="prohibited" />
      <presentationArc order="1.5" xlink:arcrole="http://www.xbrl.org/2003/arcrole/parent-child" xlink:from="ifrs_FinancialAssetsAtFairValueThroughProfitOrLossDesignatedAsUponInitialRecognition" xlink:to="ie-ifrs_EquitySecurities-IrelandFinancialAssetsThroughProfitLossDesignated" xlink:type="arc"/>
      <presentationArc order="1.5" xlink:arcrole="http://www.xbrl.org/2003/arcrole/parent-child" xlink:from="ifrs_FinancialAssetsAtFairValueThroughProfitOrLossClassifiedAsHeldForTrading" xlink:to="ie-ifrs_EquitySecurities-IrelandFinancialAssetsThroughProfitLossHeldForTrading" xlink:type="arc"/>
      <presentationArc order="1.5" xlink:arcrole="http://www.xbrl.org/2003/arcrole/parent-child" xlink:from="ifrs_FinancialAssetsAvailableforsale" xlink:to="ie-ifrs_EquitySecurities-IrelandAvailable-for-saleFinancialAssets" xlink:type="arc"/>
      <presentationArc order="0.5" xlink:arcrole="http://www.xbrl.org/2003/arcrole/parent-child" xlink:from="uk-ifrs_ChangeInFinancialAssetsThroughProfitLossHeldForTrading" xlink:to="ie-ifrs_ChangeInEquitySecurities-IrelandFinancialAssetsThroughProfitLossHeldForTrading" xlink:type="arc"/>
      <presentationArc order="1.5" xlink:arcrole="http://www.xbrl.org/2003/arcrole/parent-child" xlink:from="uk-ifrs_ChangeInFinancialAssetsThroughProfitLossDesignated" xlink:to="ie-ifrs_ChangeInEquitySecurities-IrelandFinancialAssetsThroughProfitLossDesignated" xlink:type="arc"/>
      <presentationArc order="1.5" xlink:arcrole="http://www.xbrl.org/2003/arcrole/parent-child" xlink:from="uk-ifrs_ChangeInAvailable-for-saleFinancialAssets" xlink:to="ie-ifrs_ChangeInEquitySecurities-IrelandAvailable-for-saleFinancialAssets" xlink:type="arc"/>
      <presentationArc order="2.0" xlink:arcrole="http://www.xbrl.org/2003/arcrole/parent-child" xlink:from="uk-ifrs_MortalityAssumptionsHeading" xlink:to="ie-ifrs_LongevityFiguresIrelandHeading" xlink:type="arc"/>
      <presentationArc order="1.0" xlink:arcrole="http://www.xbrl.org/2003/arcrole/parent-child" xlink:from="ie-ifrs_LongevityFiguresIrelandHeading" xlink:to="ie-ifrs_LongevityInYearsRetirementForCurrentIrishPensionersMen" xlink:type="arc"/>
      <presentationArc order="2.0" xlink:arcrole="http://www.xbrl.org/2003/arcrole/parent-child" xlink:from="ie-ifrs_LongevityFiguresIrelandHeading" xlink:to="ie-ifrs_LongevityInYearsRetirementForFutureIrishPensionersMen" xlink:type="arc"/>
      <presentationArc order="3.0" xlink:arcrole="http://www.xbrl.org/2003/arcrole/parent-child" xlink:from="ie-ifrs_LongevityFiguresIrelandHeading" xlink:to="ie-ifrs_LongevityInYearsRetirementForCurrentIrishPensionersWomen" xlink:type="arc"/>
      <presentationArc order="4.0" xlink:arcrole="http://www.xbrl.org/2003/arcrole/parent-child" xlink:from="ie-ifrs_LongevityFiguresIrelandHeading" xlink:to="ie-ifrs_LongevityInYearsRetirementForFutureIrishPensionersWomen" xlink:type="arc"/>
      <presentationArc order="2.0" xlink:arcrole="http://www.xbrl.org/2003/arcrole/parent-child" xlink:from="uk-ifrs_MortalityAssumptionsHeading" xlink:to="uk-ifrs_LongevityFiguresUKHeading" xlink:type="arc" use="prohibited" />
      <presentationArc order="1.0" xlink:arcrole="http://www.xbrl.org/2003/arcrole/parent-child" xlink:from="uk-ifrs_LongevityFiguresUKHeading" xlink:to="uk-ifrs_LongevityInYearsRetirementForCurrentUKPensionersMen" xlink:type="arc" use="prohibited" />
      <presentationArc order="2.0" xlink:arcrole="http://www.xbrl.org/2003/arcrole/parent-child" xlink:from="uk-ifrs_LongevityFiguresUKHeading" xlink:to="uk-ifrs_LongevityInYearsRetirementForFutureUKPensionersMen" xlink:type="arc" use="prohibited" />
      <presentationArc order="3.0" xlink:arcrole="http://www.xbrl.org/2003/arcrole/parent-child" xlink:from="uk-ifrs_LongevityFiguresUKHeading" xlink:to="uk-ifrs_LongevityInYearsRetirementForCurrentUKPensionersWomen" xlink:type="arc" use="prohibited" />
      <presentationArc order="4.0" xlink:arcrole="http://www.xbrl.org/2003/arcrole/parent-child" xlink:from="uk-ifrs_LongevityFiguresUKHeading" xlink:to="uk-ifrs_LongevityInYearsRetirementForFutureUKPensionersWomen" xlink:type="arc" use="prohibited" />
  </presentationLink>
  <presentationLink xlink:type="extended" xlink:role="http://www.xbrl.org/uk/role/AdditionalIndustrySectorData" xlink:title="Additional Industry Sector Data">
      <loc xlink:href="ie-ifrs-2012-12-01.xsd#ie-ifrs_DebtSecuritiesIssuedByIrishGovernmentFinancialAssetsDesignatedFairValue" xlink:label="ie-ifrs_DebtSecuritiesIssuedByIrishGovernmentFinancialAssetsDesignatedFairValue" xlink:type="locator"/>
      <loc xlink:href="http://www.xbrl.org/uk/ifrs/core/2009-09-01/uk-ifrs-2009-09-01.xsd#uk-ifrs_DebtSecuritiesIssuedByUKGovernmentFinancialAssetsDesignatedFairValue" xlink:label="uk-ifrs_DebtSecuritiesIssuedByUKGovernmentFinancialAssetsDesignatedFairValue" xlink:type="locator"/>
      <loc xlink:href="ie-ifrs-2012-12-01.xsd#ie-ifrs_DebtSecuritiesIssuedByIrishGovernmentFinancialAssetsHeldForTrading" xlink:label="ie-ifrs_DebtSecuritiesIssuedByIrishGovernmentFinancialAssetsHeldForTrading" xlink:type="locator"/>
      <loc xlink:href="http://www.xbrl.org/uk/ifrs/core/2009-09-01/uk-ifrs-2009-09-01.xsd#uk-ifrs_DebtSecuritiesIssuedByUKGovernmentFinancialAssetsHeldForTrading" xlink:label="uk-ifrs_DebtSecuritiesIssuedByUKGovernmentFinancialAssetsHeldForTrading" xlink:type="locator"/>
      <loc xlink:href="ie-ifrs-2012-12-01.xsd#ie-ifrs_DebtSecuritiesIssuedByIrishGovernmentHeld-to-maturity" xlink:label="ie-ifrs_DebtSecuritiesIssuedByIrishGovernmentHeld-to-maturity" xlink:type="locator"/>
      <loc xlink:href="http://www.xbrl.org/uk/ifrs/core/2009-09-01/uk-ifrs-2009-09-01.xsd#uk-ifrs_DebtSecuritiesIssuedByUKGovernmentHeld-to-maturity" xlink:label="uk-ifrs_DebtSecuritiesIssuedByUKGovernmentHeld-to-maturity" xlink:type="locator"/>
      <loc xlink:href="ie-ifrs-2012-12-01.xsd#ie-ifrs_DebtSecuritiesIssuedByIrishGovernmentAvailableForSale" xlink:label="ie-ifrs_DebtSecuritiesIssuedByIrishGovernmentAvailableForSale" xlink:type="locator"/>
      <loc xlink:href="http://www.xbrl.org/uk/ifrs/core/2009-09-01/uk-ifrs-2009-09-01.xsd#uk-ifrs_DebtSecuritiesIssuedByUKGovernmentAvailableForSale" xlink:label="uk-ifrs_DebtSecuritiesIssuedByUKGovernmentAvailableForSale" xlink:type="locator"/>
      <loc xlink:href="ie-ifrs-2012-12-01.xsd#ie-ifrs_ChangeInDebtSecuritiesIssuedByIrishGovernmentFinancialAssetsThroughProfitLossHeldForTrading" xlink:label="ie-ifrs_ChangeInDebtSecuritiesIssuedByIrishGovernmentFinancialAssetsThroughProfitLossHeldForTrading" xlink:type="locator"/>
      <loc xlink:href="http://www.xbrl.org/uk/ifrs/core/2009-09-01/uk-ifrs-2009-09-01.xsd#uk-ifrs_ChangeInDebtSecuritiesIssuedByUKGovernmentFinancialAssetsThroughProfitLossHeldForTrading" xlink:label="uk-ifrs_ChangeInDebtSecuritiesIssuedByUKGovernmentFinancialAssetsThroughProfitLossHeldForTrading" xlink:type="locator"/>
      <loc xlink:href="ie-ifrs-2012-12-01.xsd#ie-ifrs_ChangeInDebtSecuritiesIssuedByIrishGovernmentFinancialAssetsDesignated" xlink:label="ie-ifrs_ChangeInDebtSecuritiesIssuedByIrishGovernmentFinancialAssetsDesignated" xlink:type="locator"/>
      <loc xlink:href="http://www.xbrl.org/uk/ifrs/core/2009-09-01/uk-ifrs-2009-09-01.xsd#uk-ifrs_ChangeInDebtSecuritiesIssuedByUKGovernmentFinancialAssetsDesignated" xlink:label="uk-ifrs_ChangeInDebtSecuritiesIssuedByUKGovernmentFinancialAssetsDesignated" xlink:type="locator"/>
      <loc xlink:href="ie-ifrs-2012-12-01.xsd#ie-ifrs_ChangeInDebtSecuritiesIssuedByIrishGovernmentAvailable-for-saleFinancialAssets" xlink:label="ie-ifrs_ChangeInDebtSecuritiesIssuedByIrishGovernmentAvailable-for-saleFinancialAssets" xlink:type="locator"/>
      <loc xlink:href="http://www.xbrl.org/uk/ifrs/core/2009-09-01/uk-ifrs-2009-09-01.xsd#uk-ifrs_ChangeInDebtSecuritiesIssuedByUKGovernmentAvailable-for-saleFinancialAssets" xlink:label="uk-ifrs_ChangeInDebtSecuritiesIssuedByUKGovernmentAvailable-for-saleFinancialAssets" xlink:type="locator"/>
      <loc xlink:href="ie-ifrs-2012-12-01.xsd#ie-ifrs_CurrentAccountWithCentralBankIreland" xlink:label="ie-ifrs_CurrentAccountWithCentralBankIreland" xlink:type="locator"/>
      <loc xlink:href="http://www.xbrl.org/uk/ifrs/core/2009-09-01/uk-ifrs-2009-09-01.xsd#uk-ifrs_CurrentAccountWithUKCentralBank" xlink:label="uk-ifrs_CurrentAccountWithUKCentralBank" xlink:type="locator"/>
      <loc xlink:href="ie-ifrs-2012-12-01.xsd#ie-ifrs_DepositsWithCentralBankIreland" xlink:label="ie-ifrs_DepositsWithCentralBankIreland" xlink:type="locator"/>
      <loc xlink:href="ie-ifrs-2012-12-01.xsd#ie-ifrs_MandatoryReserveDepositsWithCentralBankIreland" xlink:label="ie-ifrs_MandatoryReserveDepositsWithCentralBankIreland" xlink:type="locator"/>
      <loc xlink:href="ie-ifrs-2012-12-01.xsd#ie-ifrs_BalancesWithCentralBankIrelandOtherThanMandatoryReserveDeposits" xlink:label="ie-ifrs_BalancesWithCentralBankIrelandOtherThanMandatoryReserveDeposits" xlink:type="locator"/>
      <loc xlink:href="http://www.xbrl.org/uk/ifrs/core/2009-09-01/uk-ifrs-2009-09-01.xsd#uk-ifrs_DepositsWithUKCentralBank" xlink:label="uk-ifrs_DepositsWithUKCentralBank" xlink:type="locator"/>
      <loc xlink:href="http://www.xbrl.org/uk/ifrs/core/2009-09-01/uk-ifrs-2009-09-01.xsd#uk-ifrs_MandatoryReserveDepositsWithUKCentralBank" xlink:label="uk-ifrs_MandatoryReserveDepositsWithUKCentralBank" xlink:type="locator"/>
      <loc xlink:href="http://www.xbrl.org/uk/ifrs/core/2009-09-01/uk-ifrs-2009-09-01.xsd#uk-ifrs_BalancesWithUKCentralBankOtherThanMandatoryReserveDeposits" xlink:label="uk-ifrs_BalancesWithUKCentralBankOtherThanMandatoryReserveDeposits" xlink:type="locator"/>
      <loc xlink:href="http://www.xbrl.org/uk/ifrs/core/2009-09-01/uk-ifrs-2009-09-01.xsd#uk-ifrs_FinancialAssetsDesignatedFairValueAdditionalBankingIndustryItemsHeading" xlink:label="uk-ifrs_FinancialAssetsDesignatedFairValueAdditionalBankingIndustryItemsHeading" xlink:type="locator"/>
      <loc xlink:href="http://www.xbrl.org/uk/ifrs/core/2009-09-01/uk-ifrs-2009-09-01.xsd#uk-ifrs_FinancialAssetsHeldForTradingAdditionalBankingIndustryItemsHeading" xlink:label="uk-ifrs_FinancialAssetsHeldForTradingAdditionalBankingIndustryItemsHeading" xlink:type="locator"/>
      <loc xlink:href="http://www.xbrl.org/uk/ifrs/core/2009-09-01/uk-ifrs-2009-09-01.xsd#uk-ifrs_FinancialAssetsHeld-to-maturityAdditionalBankingIndustryItemsHeading" xlink:label="uk-ifrs_FinancialAssetsHeld-to-maturityAdditionalBankingIndustryItemsHeading" xlink:type="locator"/>
      <loc xlink:href="http://www.xbrl.org/uk/ifrs/core/2009-09-01/uk-ifrs-2009-09-01.xsd#uk-ifrs_FinancialAssetsAvailable-for-saleAdditionalBankingIndustryItemsHeading" xlink:label="uk-ifrs_FinancialAssetsAvailable-for-saleAdditionalBankingIndustryItemsHeading" xlink:type="locator"/>
      <loc xlink:href="http://www.xbrl.org/uk/ifrs/core/2009-09-01/uk-ifrs-2009-09-01.xsd#uk-ifrs_AnalysisMovementsBetweenLevelsFairValueHierarchyAdditionalBankingIndustryItemsHeading" xlink:label="uk-ifrs_AnalysisMovementsBetweenLevelsFairValueHierarchyAdditionalBankingIndustryItemsHeading" xlink:type="locator"/>
      <loc xlink:href="http://www.xbrl.org/uk/ifrs/core/2009-09-01/uk-ifrs-2009-09-01.xsd#uk-ifrs_CashCashBalancesWithCentralBankHeading" xlink:label="uk-ifrs_CashCashBalancesWithCentralBankHeading" xlink:type="locator"/>
      <presentationArc order="3.0" xlink:arcrole="http://www.xbrl.org/2003/arcrole/parent-child" xlink:from="uk-ifrs_FinancialAssetsDesignatedFairValueAdditionalBankingIndustryItemsHeading" xlink:to="ie-ifrs_DebtSecuritiesIssuedByIrishGovernmentFinancialAssetsDesignatedFairValue" xlink:type="arc"/>
      <presentationArc order="3.0" xlink:arcrole="http://www.xbrl.org/2003/arcrole/parent-child" xlink:from="uk-ifrs_FinancialAssetsDesignatedFairValueAdditionalBankingIndustryItemsHeading" xlink:to="uk-ifrs_DebtSecuritiesIssuedByUKGovernmentFinancialAssetsDesignatedFairValue" xlink:type="arc" use="prohibited" />
      <presentationArc order="9.0" xlink:arcrole="http://www.xbrl.org/2003/arcrole/parent-child" xlink:from="uk-ifrs_FinancialAssetsHeldForTradingAdditionalBankingIndustryItemsHeading" xlink:to="ie-ifrs_DebtSecuritiesIssuedByIrishGovernmentFinancialAssetsHeldForTrading" xlink:type="arc"/>
      <presentationArc order="9.0" xlink:arcrole="http://www.xbrl.org/2003/arcrole/parent-child" xlink:from="uk-ifrs_FinancialAssetsHeldForTradingAdditionalBankingIndustryItemsHeading" xlink:to="uk-ifrs_DebtSecuritiesIssuedByUKGovernmentFinancialAssetsHeldForTrading" xlink:type="arc" use="prohibited" />
      <presentationArc order="3.0" xlink:arcrole="http://www.xbrl.org/2003/arcrole/parent-child" xlink:from="uk-ifrs_FinancialAssetsHeld-to-maturityAdditionalBankingIndustryItemsHeading" xlink:to="ie-ifrs_DebtSecuritiesIssuedByIrishGovernmentHeld-to-maturity" xlink:type="arc"/>
      <presentationArc order="3.0" xlink:arcrole="http://www.xbrl.org/2003/arcrole/parent-child" xlink:from="uk-ifrs_FinancialAssetsHeld-to-maturityAdditionalBankingIndustryItemsHeading" xlink:to="uk-ifrs_DebtSecuritiesIssuedByUKGovernmentHeld-to-maturity" xlink:type="arc" use="prohibited" />
      <presentationArc order="3.0" xlink:arcrole="http://www.xbrl.org/2003/arcrole/parent-child" xlink:from="uk-ifrs_FinancialAssetsAvailable-for-saleAdditionalBankingIndustryItemsHeading" xlink:to="ie-ifrs_DebtSecuritiesIssuedByIrishGovernmentAvailableForSale" xlink:type="arc"/>
      <presentationArc order="3.0" xlink:arcrole="http://www.xbrl.org/2003/arcrole/parent-child" xlink:from="uk-ifrs_FinancialAssetsAvailable-for-saleAdditionalBankingIndustryItemsHeading" xlink:to="uk-ifrs_DebtSecuritiesIssuedByUKGovernmentAvailableForSale" xlink:type="arc" use="prohibited" />
      <presentationArc order="11.0" xlink:arcrole="http://www.xbrl.org/2003/arcrole/parent-child" xlink:from="uk-ifrs_AnalysisMovementsBetweenLevelsFairValueHierarchyAdditionalBankingIndustryItemsHeading" xlink:to="ie-ifrs_ChangeInDebtSecuritiesIssuedByIrishGovernmentFinancialAssetsThroughProfitLossHeldForTrading" xlink:type="arc"/>
      <presentationArc order="11.0" xlink:arcrole="http://www.xbrl.org/2003/arcrole/parent-child" xlink:from="uk-ifrs_AnalysisMovementsBetweenLevelsFairValueHierarchyAdditionalBankingIndustryItemsHeading" xlink:to="uk-ifrs_ChangeInDebtSecuritiesIssuedByUKGovernmentFinancialAssetsThroughProfitLossHeldForTrading" xlink:type="arc" use="prohibited" />
      <presentationArc order="18.0" xlink:arcrole="http://www.xbrl.org/2003/arcrole/parent-child" xlink:from="uk-ifrs_AnalysisMovementsBetweenLevelsFairValueHierarchyAdditionalBankingIndustryItemsHeading" xlink:to="ie-ifrs_ChangeInDebtSecuritiesIssuedByIrishGovernmentFinancialAssetsDesignated" xlink:type="arc"/>
      <presentationArc order="18.0" xlink:arcrole="http://www.xbrl.org/2003/arcrole/parent-child" xlink:from="uk-ifrs_AnalysisMovementsBetweenLevelsFairValueHierarchyAdditionalBankingIndustryItemsHeading" xlink:to="uk-ifrs_ChangeInDebtSecuritiesIssuedByUKGovernmentFinancialAssetsDesignated" xlink:type="arc" use="prohibited" />
      <presentationArc order="24.0" xlink:arcrole="http://www.xbrl.org/2003/arcrole/parent-child" xlink:from="uk-ifrs_AnalysisMovementsBetweenLevelsFairValueHierarchyAdditionalBankingIndustryItemsHeading" xlink:to="ie-ifrs_ChangeInDebtSecuritiesIssuedByIrishGovernmentAvailable-for-saleFinancialAssets" xlink:type="arc"/>
      <presentationArc order="24.0" xlink:arcrole="http://www.xbrl.org/2003/arcrole/parent-child" xlink:from="uk-ifrs_AnalysisMovementsBetweenLevelsFairValueHierarchyAdditionalBankingIndustryItemsHeading" xlink:to="uk-ifrs_ChangeInDebtSecuritiesIssuedByUKGovernmentAvailable-for-saleFinancialAssets" xlink:type="arc" use="prohibited" />
      <presentationArc order="1.0" xlink:arcrole="http://www.xbrl.org/2003/arcrole/parent-child" xlink:from="uk-ifrs_CashCashBalancesWithCentralBankHeading" xlink:to="ie-ifrs_CurrentAccountWithCentralBankIreland" xlink:type="arc"/>
      <presentationArc order="1.0" xlink:arcrole="http://www.xbrl.org/2003/arcrole/parent-child" xlink:from="uk-ifrs_CashCashBalancesWithCentralBankHeading" xlink:to="uk-ifrs_CurrentAccountWithUKCentralBank" xlink:type="arc" use="prohibited" />
      <presentationArc order="4.0" xlink:arcrole="http://www.xbrl.org/2003/arcrole/parent-child" xlink:from="uk-ifrs_CashCashBalancesWithCentralBankHeading" xlink:to="ie-ifrs_DepositsWithCentralBankIreland" xlink:type="arc"/>
      <presentationArc order="5.0" xlink:arcrole="http://www.xbrl.org/2003/arcrole/parent-child" xlink:from="uk-ifrs_CashCashBalancesWithCentralBankHeading" xlink:to="ie-ifrs_MandatoryReserveDepositsWithCentralBankIreland" xlink:type="arc"/>
      <presentationArc order="6.0" xlink:arcrole="http://www.xbrl.org/2003/arcrole/parent-child" xlink:from="uk-ifrs_CashCashBalancesWithCentralBankHeading" xlink:to="ie-ifrs_BalancesWithCentralBankIrelandOtherThanMandatoryReserveDeposits" xlink:type="arc"/>
      <presentationArc order="4.0" xlink:arcrole="http://www.xbrl.org/2003/arcrole/parent-child" xlink:from="uk-ifrs_CashCashBalancesWithCentralBankHeading" xlink:to="uk-ifrs_DepositsWithUKCentralBank" xlink:type="arc" use="prohibited" />
      <presentationArc order="5.0" xlink:arcrole="http://www.xbrl.org/2003/arcrole/parent-child" xlink:from="uk-ifrs_CashCashBalancesWithCentralBankHeading" xlink:to="uk-ifrs_MandatoryReserveDepositsWithUKCentralBank" xlink:type="arc" use="prohibited" />
      <presentationArc order="6.0" xlink:arcrole="http://www.xbrl.org/2003/arcrole/parent-child" xlink:from="uk-ifrs_CashCashBalancesWithCentralBankHeading" xlink:to="uk-ifrs_BalancesWithUKCentralBankOtherThanMandatoryReserveDeposits" xlink:type="arc" use="prohibited" />
  </presentationLink>
</linkbase>
