<?xml version="1.0" encoding="utf-8"?>
<!--
IE-GAAP-Label linkbase
2012-12-01 VERSION 1.0
Copyright and other information - see http://www.xbrl.org/uk/legal.aspx
-->
<linkbase xmlns="http://www.xbrl.org/2003/linkbase" xmlns:xsi="http://www.w3.org/2001/XMLSchema-instance" xmlns:xlink="http://www.w3.org/1999/xlink" xsi:schemaLocation=" http://www.xbrl.org/2003/linkbase http://www.xbrl.org/2003/xbrl-linkbase-2003-12-31.xsd">
  <labelLink xlink:type="extended" xlink:role="http://www.xbrl.org/2003/role/link">
      <loc xlink:href="ie-gaap-2012-12-01.xsd#ie-gaap_ROICorporationTaxReliefArisingOnGainsLossesRecognisedInThisStatement" xlink:label="ie-gaap_ROICorporationTaxReliefArisingOnGainsLossesRecognisedInThisStatement" xlink:type="locator"/>
      <loc xlink:href="ie-gaap-2012-12-01.xsd#ie-gaap_RevenueRecognitionPolicy" xlink:label="ie-gaap_RevenueRecognitionPolicy" xlink:type="locator"/>
      <loc xlink:href="ie-gaap-2012-12-01.xsd#ie-gaap_DebtorsPolicy" xlink:label="ie-gaap_DebtorsPolicy" xlink:type="locator"/>
      <loc xlink:href="ie-gaap-2012-12-01.xsd#ie-gaap_PercentageTurnoverAttributableToMarketsOutsideIreland" xlink:label="ie-gaap_PercentageTurnoverAttributableToMarketsOutsideIreland" xlink:type="locator"/>
      <loc xlink:href="ie-gaap-2012-12-01.xsd#ie-gaap_TotalROIForeignCurrentTaxAfterAdjustmentsRelief" xlink:label="ie-gaap_TotalROIForeignCurrentTaxAfterAdjustmentsRelief" xlink:type="locator"/>
      <loc xlink:href="ie-gaap-2012-12-01.xsd#ie-gaap_ROIForeignCurrentTaxBeforeAdjustmentsRelief" xlink:label="ie-gaap_ROIForeignCurrentTaxBeforeAdjustmentsRelief" xlink:type="locator"/>
      <loc xlink:href="ie-gaap-2012-12-01.xsd#ie-gaap_ROICurrentCorporationTaxAfterAdjustmentForPriorPeriods" xlink:label="ie-gaap_ROICurrentCorporationTaxAfterAdjustmentForPriorPeriods" xlink:type="locator"/>
      <loc xlink:href="ie-gaap-2012-12-01.xsd#ie-gaap_ROICurrentCorporationTaxAfterDouble-taxationReliefBeforeAdjustmentForPriorPeriods" xlink:label="ie-gaap_ROICurrentCorporationTaxAfterDouble-taxationReliefBeforeAdjustmentForPriorPeriods" xlink:type="locator"/>
      <loc xlink:href="ie-gaap-2012-12-01.xsd#ie-gaap_IncomeTaxSubtotalROIIncomeTaxTaxAttributableToInvestmentIncome" xlink:label="ie-gaap_IncomeTaxSubtotalROIIncomeTaxTaxAttributableToInvestmentIncome" xlink:type="locator"/>
      <loc xlink:href="ie-gaap-2012-12-01.xsd#ie-gaap_ROICurrentCorporationTax" xlink:label="ie-gaap_ROICurrentCorporationTax" xlink:type="locator"/>
      <loc xlink:href="ie-gaap-2012-12-01.xsd#ie-gaap_ROICurrentCorporationTaxOnIncomeForPeriod" xlink:label="ie-gaap_ROICurrentCorporationTaxOnIncomeForPeriod" xlink:type="locator"/>
      <loc xlink:href="ie-gaap-2012-12-01.xsd#ie-gaap_IncreaseDecreaseInROICorporationTaxArisingFromAdjustmentForPriorPeriods" xlink:label="ie-gaap_IncreaseDecreaseInROICorporationTaxArisingFromAdjustmentForPriorPeriods" xlink:type="locator"/>
      <loc xlink:href="ie-gaap-2012-12-01.xsd#ie-gaap_ROIIncomeTax" xlink:label="ie-gaap_ROIIncomeTax" xlink:type="locator"/>
      <loc xlink:href="ie-gaap-2012-12-01.xsd#ie-gaap_TotalROIForeignDeferredTax" xlink:label="ie-gaap_TotalROIForeignDeferredTax" xlink:type="locator"/>
      <loc xlink:href="ie-gaap-2012-12-01.xsd#ie-gaap_ROIDeferredTax" xlink:label="ie-gaap_ROIDeferredTax" xlink:type="locator"/>
      <loc xlink:href="ie-gaap-2012-12-01.xsd#ie-gaap_IncreaseDecreaseInROITaxFromOriginationReversalTimingDifferences" xlink:label="ie-gaap_IncreaseDecreaseInROITaxFromOriginationReversalTimingDifferences" xlink:type="locator"/>
      <loc xlink:href="ie-gaap-2012-12-01.xsd#ie-gaap_IncreaseDecreaseOnOpeningLiabilityForROITaxFromChangesInTaxRatesLaws" xlink:label="ie-gaap_IncreaseDecreaseOnOpeningLiabilityForROITaxFromChangesInTaxRatesLaws" xlink:type="locator"/>
      <loc xlink:href="ie-gaap-2012-12-01.xsd#ie-gaap_IncreaseDecreaseInROIDeferredTaxArisingFromAdjustmentForPriorPeriods" xlink:label="ie-gaap_IncreaseDecreaseInROIDeferredTaxArisingFromAdjustmentForPriorPeriods" xlink:type="locator"/>
      <loc xlink:href="ie-gaap-2012-12-01.xsd#ie-gaap_ReconciliationAgainstTaxCalculatedByApplyingStandardRateROICorporationTaxToPre-taxProfitHeading" xlink:label="ie-gaap_ReconciliationAgainstTaxCalculatedByApplyingStandardRateROICorporationTaxToPre-taxProfitHeading" xlink:type="locator"/>
      <loc xlink:href="ie-gaap-2012-12-01.xsd#ie-gaap_TaxOnGroupProfitOnOrdinaryActivitiesStandardROITaxRate" xlink:label="ie-gaap_TaxOnGroupProfitOnOrdinaryActivitiesStandardROITaxRate" xlink:type="locator"/>
      <loc xlink:href="ie-gaap-2012-12-01.xsd#ie-gaap_AmountByWhichTaxOnProfitOnOrdinaryActivitiesLowerHigherThanTaxCalculatedStandardROIRate" xlink:label="ie-gaap_AmountByWhichTaxOnProfitOnOrdinaryActivitiesLowerHigherThanTaxCalculatedStandardROIRate" xlink:type="locator"/>
      <loc xlink:href="ie-gaap-2012-12-01.xsd#ie-gaap_DividendsFromIrishCompanies" xlink:label="ie-gaap_DividendsFromIrishCompanies" xlink:type="locator"/>
      <loc xlink:href="ie-gaap-2012-12-01.xsd#ie-gaap_AmountByWhichTaxRateOnProfitOnOrdinaryActivitiesLowerHigherThanStandardROITaxRate" xlink:label="ie-gaap_AmountByWhichTaxRateOnProfitOnOrdinaryActivitiesLowerHigherThanStandardROITaxRate" xlink:type="locator"/>
      <loc xlink:href="ie-gaap-2012-12-01.xsd#ie-gaap_DividendsFromIrishCompaniesImpactOnTaxRate" xlink:label="ie-gaap_DividendsFromIrishCompaniesImpactOnTaxRate" xlink:type="locator"/>
      <loc xlink:href="ie-gaap-2012-12-01.xsd#ie-gaap_TaxOnExtraordinaryProfitLossArisingFromROICorporationTax" xlink:label="ie-gaap_TaxOnExtraordinaryProfitLossArisingFromROICorporationTax" xlink:type="locator"/>
      <loc xlink:href="ie-gaap-2012-12-01.xsd#ie-gaap_TaxOnExtraordinaryProfitLossArisingFromROIIncomeTax" xlink:label="ie-gaap_TaxOnExtraordinaryProfitLossArisingFromROIIncomeTax" xlink:type="locator"/>
      <loc xlink:href="ie-gaap-2012-12-01.xsd#ie-gaap_IntangibleFixedAssetsIncreaseDecreaseFromIntercompanyTransfersBetweenGroupCompanies" xlink:label="ie-gaap_IntangibleFixedAssetsIncreaseDecreaseFromIntercompanyTransfersBetweenGroupCompanies" xlink:type="locator"/>
      <loc xlink:href="ie-gaap-2012-12-01.xsd#ie-gaap_IntangibleFixedAssetsAmortisationIncreaseDecreaseFromIntercompanyTransfersBetweenGroupCompanies" xlink:label="ie-gaap_IntangibleFixedAssetsAmortisationIncreaseDecreaseFromIntercompanyTransfersBetweenGroupCompanies" xlink:type="locator"/>
      <loc xlink:href="ie-gaap-2012-12-01.xsd#ie-gaap_TangibleFixedAssetsIncreaseDecreaseFromIntercompanyTransfersBetweenGroupCompanies" xlink:label="ie-gaap_TangibleFixedAssetsIncreaseDecreaseFromIntercompanyTransfersBetweenGroupCompanies" xlink:type="locator"/>
      <loc xlink:href="ie-gaap-2012-12-01.xsd#ie-gaap_TangibleFixedAssetsDepreciationIncreaseDecreaseFromIntercompanyTransfersBetweenGroupCompanies" xlink:label="ie-gaap_TangibleFixedAssetsDepreciationIncreaseDecreaseFromIntercompanyTransfersBetweenGroupCompanies" xlink:type="locator"/>
      <loc xlink:href="ie-gaap-2012-12-01.xsd#ie-gaap_FixedAssetInvestmentsIncreaseDecreaseFromIntercompanyTransfersBetweenGroupCompanies" xlink:label="ie-gaap_FixedAssetInvestmentsIncreaseDecreaseFromIntercompanyTransfersBetweenGroupCompanies" xlink:type="locator"/>
      <loc xlink:href="ie-gaap-2012-12-01.xsd#ie-gaap_AmountsOwedByParentUndertakings" xlink:label="ie-gaap_AmountsOwedByParentUndertakings" xlink:type="locator"/>
      <loc xlink:href="ie-gaap-2012-12-01.xsd#ie-gaap_AmountsOwedByParentUndertakingsWithinOneYear" xlink:label="ie-gaap_AmountsOwedByParentUndertakingsWithinOneYear" xlink:type="locator"/>
      <loc xlink:href="ie-gaap-2012-12-01.xsd#ie-gaap_AmountsOwedByParentUndertakingsAfterOneYear" xlink:label="ie-gaap_AmountsOwedByParentUndertakingsAfterOneYear" xlink:type="locator"/>
      <loc xlink:href="ie-gaap-2012-12-01.xsd#ie-gaap_InvestmentsListedOnIrishExchanges" xlink:label="ie-gaap_InvestmentsListedOnIrishExchanges" xlink:type="locator"/>
      <loc xlink:href="ie-gaap-2012-12-01.xsd#ie-gaap_GovernmentSecuritiesListedOnIrishExchanges" xlink:label="ie-gaap_GovernmentSecuritiesListedOnIrishExchanges" xlink:type="locator"/>
      <loc xlink:href="ie-gaap-2012-12-01.xsd#ie-gaap_OtherInvestmentsListedOnIrishExchanges" xlink:label="ie-gaap_OtherInvestmentsListedOnIrishExchanges" xlink:type="locator"/>
      <loc xlink:href="ie-gaap-2012-12-01.xsd#ie-gaap_InvestmentsListedOnExchangesOutsideIreland" xlink:label="ie-gaap_InvestmentsListedOnExchangesOutsideIreland" xlink:type="locator"/>
      <loc xlink:href="ie-gaap-2012-12-01.xsd#ie-gaap_GovernmentSecuritiesListedOnExchangesOutsideIreland" xlink:label="ie-gaap_GovernmentSecuritiesListedOnExchangesOutsideIreland" xlink:type="locator"/>
      <loc xlink:href="ie-gaap-2012-12-01.xsd#ie-gaap_OtherInvestmentsListedOnExchangesOutsideIreland" xlink:label="ie-gaap_OtherInvestmentsListedOnExchangesOutsideIreland" xlink:type="locator"/>
      <loc xlink:href="ie-gaap-2012-12-01.xsd#ie-gaap_CertificatesDepositIreland" xlink:label="ie-gaap_CertificatesDepositIreland" xlink:type="locator"/>
      <loc xlink:href="ie-gaap-2012-12-01.xsd#ie-gaap_TermDepositsIreland" xlink:label="ie-gaap_TermDepositsIreland" xlink:type="locator"/>
      <loc xlink:href="ie-gaap-2012-12-01.xsd#ie-gaap_OtherDepositsIreland" xlink:label="ie-gaap_OtherDepositsIreland" xlink:type="locator"/>
      <loc xlink:href="ie-gaap-2012-12-01.xsd#ie-gaap_SharePurchaseLoansUnderSection60CompaniesAct1963" xlink:label="ie-gaap_SharePurchaseLoansUnderSection60CompaniesAct1963" xlink:type="locator"/>
      <loc xlink:href="ie-gaap-2012-12-01.xsd#ie-gaap_EquitySecurities-IrelandFinancialAssetsThroughProfitLossDesignated" xlink:label="ie-gaap_EquitySecurities-IrelandFinancialAssetsThroughProfitLossDesignated" xlink:type="locator"/>
      <loc xlink:href="ie-gaap-2012-12-01.xsd#ie-gaap_EquitySecurities-IrelandFinancialAssetsThroughProfitLossHeldForTrading" xlink:label="ie-gaap_EquitySecurities-IrelandFinancialAssetsThroughProfitLossHeldForTrading" xlink:type="locator"/>
      <loc xlink:href="ie-gaap-2012-12-01.xsd#ie-gaap_EquitySecurities-IrelandAvailable-for-saleFinancialAssets" xlink:label="ie-gaap_EquitySecurities-IrelandAvailable-for-saleFinancialAssets" xlink:type="locator"/>
      <loc xlink:href="ie-gaap-2012-12-01.xsd#ie-gaap_ChangeInEquitySecurities-IrelandFinancialAssetsThroughProfitLossHeldForTrading" xlink:label="ie-gaap_ChangeInEquitySecurities-IrelandFinancialAssetsThroughProfitLossHeldForTrading" xlink:type="locator"/>
      <loc xlink:href="ie-gaap-2012-12-01.xsd#ie-gaap_ChangeInEquitySecurities-IrelandFinancialAssetsThroughProfitLossDesignated" xlink:label="ie-gaap_ChangeInEquitySecurities-IrelandFinancialAssetsThroughProfitLossDesignated" xlink:type="locator"/>
      <loc xlink:href="ie-gaap-2012-12-01.xsd#ie-gaap_ROICorporationTaxPaid" xlink:label="ie-gaap_ROICorporationTaxPaid" xlink:type="locator"/>
      <loc xlink:href="ie-gaap-2012-12-01.xsd#ie-gaap_OtherROITaxPaid" xlink:label="ie-gaap_OtherROITaxPaid" xlink:type="locator"/>
      <loc xlink:href="ie-gaap-2012-12-01.xsd#ie-gaap_ROITaxReceipts" xlink:label="ie-gaap_ROITaxReceipts" xlink:type="locator"/>
      <loc xlink:href="ie-gaap-2012-12-01.xsd#ie-gaap_LongevityFiguresIrelandHeading" xlink:label="ie-gaap_LongevityFiguresIrelandHeading" xlink:type="locator"/>
      <loc xlink:href="ie-gaap-2012-12-01.xsd#ie-gaap_LongevityInYearsRetirementForCurrentIrishPensionersMen" xlink:label="ie-gaap_LongevityInYearsRetirementForCurrentIrishPensionersMen" xlink:type="locator"/>
      <loc xlink:href="ie-gaap-2012-12-01.xsd#ie-gaap_LongevityInYearsRetirementForFutureIrishPensionersMen" xlink:label="ie-gaap_LongevityInYearsRetirementForFutureIrishPensionersMen" xlink:type="locator"/>
      <loc xlink:href="ie-gaap-2012-12-01.xsd#ie-gaap_LongevityInYearsRetirementForCurrentIrishPensionersWomen" xlink:label="ie-gaap_LongevityInYearsRetirementForCurrentIrishPensionersWomen" xlink:type="locator"/>
      <loc xlink:href="ie-gaap-2012-12-01.xsd#ie-gaap_LongevityInYearsRetirementForFutureIrishPensionersWomen" xlink:label="ie-gaap_LongevityInYearsRetirementForFutureIrishPensionersWomen" xlink:type="locator"/>
      <loc xlink:href="ie-gaap-2012-12-01.xsd#ie-gaap_ShareholdingsSubsidiary" xlink:label="ie-gaap_ShareholdingsSubsidiary" xlink:type="locator"/>
      <loc xlink:href="ie-gaap-2012-12-01.xsd#ie-gaap_DebenturesSubsidiary" xlink:label="ie-gaap_DebenturesSubsidiary" xlink:type="locator"/>
      <loc xlink:href="ie-gaap-2012-12-01.xsd#ie-gaap_ChangeInEquitySecurities-IrelandAvailable-for-saleFinancialAssets" xlink:label="ie-gaap_ChangeInEquitySecurities-IrelandAvailable-for-saleFinancialAssets" xlink:type="locator"/>
      <label xml:lang="en" xlink:label="ie-gaap_ROICorporationTaxReliefArisingOnGainsLossesRecognisedInThisStatement_en" xlink:type="resource">ROI corporation tax (relief) arising on gains and losses recognised in this statement</label>
      <label xml:lang="en" xlink:label="ie-gaap_RevenueRecognitionPolicy_en" xlink:type="resource">Revenue recognition policy</label>
      <label xml:lang="en" xlink:label="ie-gaap_DebtorsPolicy_en" xlink:type="resource">Debtors policy</label>
      <label xml:lang="en" xlink:label="ie-gaap_PercentageTurnoverAttributableToMarketsOutsideIreland_en" xlink:type="resource">Percentage of turnover attributable to markets outside Ireland</label>
      <label xml:lang="en" xlink:label="ie-gaap_TotalROIForeignCurrentTaxAfterAdjustmentsRelief_en" xlink:type="resource">Total ROI and foreign current tax, after adjustments and relief</label>
      <label xml:lang="en" xlink:label="ie-gaap_ROIForeignCurrentTaxBeforeAdjustmentsRelief_en" xlink:type="resource">ROI and foreign current tax, before adjustments and relief</label>
      <label xml:lang="en" xlink:label="ie-gaap_ROICurrentCorporationTaxAfterAdjustmentForPriorPeriods_en" xlink:type="resource">ROI current corporation tax after adjustment for prior periods</label>
      <label xml:lang="en" xlink:label="ie-gaap_ROICurrentCorporationTaxAfterDouble-taxationReliefBeforeAdjustmentForPriorPeriods_en" xlink:type="resource">ROI current corporation tax after double-taxation relief, before adjustment for prior periods</label>
      <label xml:lang="en" xlink:label="ie-gaap_IncomeTaxSubtotalROIIncomeTaxTaxAttributableToInvestmentIncome_en" xlink:type="resource">Income tax, subtotal of ROI income tax and tax attributable to investment income</label>
      <label xml:lang="en" xlink:label="ie-gaap_ROICurrentCorporationTax_en" xlink:type="resource">ROI current corporation tax</label>
      <label xml:lang="en" xlink:label="ie-gaap_ROICurrentCorporationTaxOnIncomeForPeriod_en" xlink:type="resource">ROI current corporation tax on income for the period</label>
      <label xml:lang="en" xlink:label="ie-gaap_IncreaseDecreaseInROICorporationTaxArisingFromAdjustmentForPriorPeriods_en" xlink:type="resource">Increase (decrease) in ROI corporation tax arising from adjustment for prior periods</label>
      <label xml:lang="en" xlink:label="ie-gaap_ROIIncomeTax_en" xlink:type="resource">ROI income tax</label>
      <label xml:lang="en" xlink:label="ie-gaap_TotalROIForeignDeferredTax_en" xlink:type="resource">Total ROI and foreign deferred tax</label>
      <label xml:lang="en" xlink:label="ie-gaap_ROIDeferredTax_en" xlink:type="resource">ROI deferred tax</label>
      <label xml:lang="en" xlink:label="ie-gaap_IncreaseDecreaseInROITaxFromOriginationReversalTimingDifferences_en" xlink:type="resource">Increase (decrease) in ROI tax from origination and reversal of timing differences</label>
      <label xml:lang="en" xlink:label="ie-gaap_IncreaseDecreaseOnOpeningLiabilityForROITaxFromChangesInTaxRatesLaws_en" xlink:type="resource">Increase (decrease) on opening liability for ROI tax from changes in tax rates and laws</label>
      <label xml:lang="en" xlink:label="ie-gaap_IncreaseDecreaseInROIDeferredTaxArisingFromAdjustmentForPriorPeriods_en" xlink:type="resource">Increase (decrease) in ROI deferred tax arising from adjustment for prior periods</label>
      <label xml:lang="en" xlink:label="ie-gaap_ReconciliationAgainstTaxCalculatedByApplyingStandardRateROICorporationTaxToPre-taxProfitHeading_en" xlink:type="resource">Reconciliation against tax calculated by applying standard rate of ROI corporation tax to the pre-tax profit [heading]</label>
      <label xml:lang="en" xlink:label="ie-gaap_TaxOnGroupProfitOnOrdinaryActivitiesStandardROITaxRate_en" xlink:type="resource">Tax on group profit on ordinary activities at standard ROI tax rate</label>
      <label xml:lang="en" xlink:label="ie-gaap_AmountByWhichTaxOnProfitOnOrdinaryActivitiesLowerHigherThanTaxCalculatedStandardROIRate_en" xlink:type="resource">Amount by which tax on profit on ordinary activities is lower (higher) than tax calculated at standard ROI rate</label>
      <label xml:lang="en" xlink:label="ie-gaap_DividendsFromIrishCompanies_en" xlink:type="resource">Dividends from Irish companies</label>
      <label xml:lang="en" xlink:label="ie-gaap_AmountByWhichTaxRateOnProfitOnOrdinaryActivitiesLowerHigherThanStandardROITaxRate_en" xlink:type="resource">Amount by which tax rate on profit on ordinary activities is lower (higher) than standard ROI tax rate</label>
      <label xml:lang="en" xlink:label="ie-gaap_DividendsFromIrishCompaniesImpactOnTaxRate_en" xlink:type="resource">Dividends from Irish companies, impact on tax rate</label>
      <label xml:lang="en" xlink:label="ie-gaap_TaxOnExtraordinaryProfitLossArisingFromROICorporationTax_en" xlink:type="resource">Tax on extraordinary profit (loss) arising from ROI corporation tax</label>
      <label xml:lang="en" xlink:label="ie-gaap_TaxOnExtraordinaryProfitLossArisingFromROIIncomeTax_en" xlink:type="resource">Tax on extraordinary profit (loss) arising from ROI income tax</label>
      <label xml:lang="en" xlink:label="ie-gaap_IntangibleFixedAssetsIncreaseDecreaseFromIntercompanyTransfersBetweenGroupCompanies_en" xlink:type="resource">Intangible fixed assets, increase (decrease) from intercompany transfers between group companies</label>
      <label xml:lang="en" xlink:label="ie-gaap_IntangibleFixedAssetsAmortisationIncreaseDecreaseFromIntercompanyTransfersBetweenGroupCompanies_en" xlink:type="resource">Intangible fixed assets, amortisation, increase (decrease) from intercompany transfers between group companies</label>
      <label xml:lang="en" xlink:label="ie-gaap_TangibleFixedAssetsIncreaseDecreaseFromIntercompanyTransfersBetweenGroupCompanies_en" xlink:type="resource">Tangible fixed assets, increase (decrease) from intercompany transfers between group companies</label>
      <label xml:lang="en" xlink:label="ie-gaap_TangibleFixedAssetsDepreciationIncreaseDecreaseFromIntercompanyTransfersBetweenGroupCompanies_en" xlink:type="resource">Tangible fixed assets, depreciation, increase (decrease) from intercompany transfers between group companies</label>
      <label xml:lang="en" xlink:label="ie-gaap_FixedAssetInvestmentsIncreaseDecreaseFromIntercompanyTransfersBetweenGroupCompanies_en" xlink:type="resource">Fixed asset investments, increase (decrease) from intercompany transfers between group companies</label>
      <label xml:lang="en" xlink:label="ie-gaap_AmountsOwedByParentUndertakings_en" xlink:type="resource">Amounts owed by parent undertakings</label>
      <label xml:lang="en" xlink:label="ie-gaap_AmountsOwedByParentUndertakingsWithinOneYear_en" xlink:type="resource">Amounts owed by parent undertakings within one year</label>
      <label xml:lang="en" xlink:label="ie-gaap_AmountsOwedByParentUndertakingsAfterOneYear_en" xlink:type="resource">Amounts owed by parent undertakings after one year</label>
      <label xml:lang="en" xlink:label="ie-gaap_InvestmentsListedOnIrishExchanges_en" xlink:type="resource">Investments listed on Irish exchanges</label>
      <label xml:lang="en" xlink:label="ie-gaap_GovernmentSecuritiesListedOnIrishExchanges_en" xlink:type="resource">Government securities listed on Irish exchanges</label>
      <label xml:lang="en" xlink:label="ie-gaap_OtherInvestmentsListedOnIrishExchanges_en" xlink:type="resource">Other investments listed on Irish exchanges</label>
      <label xml:lang="en" xlink:label="ie-gaap_InvestmentsListedOnExchangesOutsideIreland_en" xlink:type="resource">Investments listed on exchanges outside Ireland</label>
      <label xml:lang="en" xlink:label="ie-gaap_GovernmentSecuritiesListedOnExchangesOutsideIreland_en" xlink:type="resource">Government securities listed on exchanges outside Ireland</label>
      <label xml:lang="en" xlink:label="ie-gaap_OtherInvestmentsListedOnExchangesOutsideIreland_en" xlink:type="resource">Other investments listed on exchanges outside Ireland</label>
      <label xml:lang="en" xlink:label="ie-gaap_CertificatesDepositIreland_en" xlink:type="resource">Certificates of deposit, Ireland</label>
      <label xml:lang="en" xlink:label="ie-gaap_TermDepositsIreland_en" xlink:type="resource">Term deposits, Ireland</label>
      <label xml:lang="en" xlink:label="ie-gaap_OtherDepositsIreland_en" xlink:type="resource">Other deposits, Ireland</label>
      <label xml:lang="en" xlink:label="ie-gaap_SharePurchaseLoansUnderSection60CompaniesAct1963_en" xlink:type="resource">Share purchase loans under Section 60 Companies Act 1963</label>
      <label xml:lang="en" xlink:label="ie-gaap_EquitySecurities-IrelandFinancialAssetsThroughProfitLossDesignated_en" xlink:type="resource">Equity securities-Ireland, financial assets through profit and loss, designated</label>
      <label xml:lang="en" xlink:label="ie-gaap_EquitySecurities-IrelandFinancialAssetsThroughProfitLossHeldForTrading_en" xlink:type="resource">Equity securities-Ireland, financial assets through profit and loss, held for trading</label>
      <label xml:lang="en" xlink:label="ie-gaap_EquitySecurities-IrelandAvailable-for-saleFinancialAssets_en" xlink:type="resource">Equity securities-Ireland, available-for-sale financial assets</label>
      <label xml:lang="en" xlink:label="ie-gaap_ChangeInEquitySecurities-IrelandFinancialAssetsThroughProfitLossHeldForTrading_en" xlink:type="resource">Change in equity securities - Ireland, financial assets through profit and loss, held for trading</label>
      <label xml:lang="en" xlink:label="ie-gaap_ChangeInEquitySecurities-IrelandFinancialAssetsThroughProfitLossDesignated_en" xlink:type="resource">Change in equity securities - Ireland, financial assets through profit and loss, designated</label>
      <label xml:lang="en" xlink:label="ie-gaap_ROICorporationTaxPaid_en" xlink:type="resource">ROI corporation tax paid</label>
      <label xml:lang="en" xlink:label="ie-gaap_OtherROITaxPaid_en" xlink:type="resource">Other ROI tax paid</label>
      <label xml:lang="en" xlink:label="ie-gaap_ROITaxReceipts_en" xlink:type="resource">ROI tax receipts</label>
      <label xml:lang="en" xlink:label="ie-gaap_LongevityFiguresIrelandHeading_en" xlink:type="resource">Longevity figures, Ireland [heading]</label>
      <label xml:lang="en" xlink:label="ie-gaap_LongevityInYearsRetirementForCurrentIrishPensionersMen_en" xlink:type="resource">Longevity in years at retirement for current Irish pensioners, men</label>
      <label xml:lang="en" xlink:label="ie-gaap_LongevityInYearsRetirementForFutureIrishPensionersMen_en" xlink:type="resource">Longevity in years at retirement for future Irish pensioners, men</label>
      <label xml:lang="en" xlink:label="ie-gaap_LongevityInYearsRetirementForCurrentIrishPensionersWomen_en" xlink:type="resource">Longevity in years at retirement for current Irish pensioners, women</label>
      <label xml:lang="en" xlink:label="ie-gaap_LongevityInYearsRetirementForFutureIrishPensionersWomen_en" xlink:type="resource">Longevity in years at retirement for future Irish pensioners, women</label>
      <label xml:lang="en" xlink:label="ie-gaap_ShareholdingsSubsidiary_en" xlink:type="resource">Shareholdings, subsidiary</label>
      <label xml:lang="en" xlink:label="ie-gaap_DebenturesSubsidiary_en" xlink:type="resource">Debentures, subsidiary</label>
      <label xml:lang="en" xlink:label="ie-gaap_ChangeInEquitySecurities-IrelandAvailable-for-saleFinancialAssets_en" xlink:type="resource">Change in equity securities- Ireland, available-for-sale financial assets</label>
      <labelArc xlink:arcrole="http://www.xbrl.org/2003/arcrole/concept-label" xlink:from="ie-gaap_ROICorporationTaxReliefArisingOnGainsLossesRecognisedInThisStatement" xlink:to="ie-gaap_ROICorporationTaxReliefArisingOnGainsLossesRecognisedInThisStatement_en" xlink:type="arc"/>
      <labelArc xlink:arcrole="http://www.xbrl.org/2003/arcrole/concept-label" xlink:from="ie-gaap_RevenueRecognitionPolicy" xlink:to="ie-gaap_RevenueRecognitionPolicy_en" xlink:type="arc"/>
      <labelArc xlink:arcrole="http://www.xbrl.org/2003/arcrole/concept-label" xlink:from="ie-gaap_DebtorsPolicy" xlink:to="ie-gaap_DebtorsPolicy_en" xlink:type="arc"/>
      <labelArc xlink:arcrole="http://www.xbrl.org/2003/arcrole/concept-label" xlink:from="ie-gaap_PercentageTurnoverAttributableToMarketsOutsideIreland" xlink:to="ie-gaap_PercentageTurnoverAttributableToMarketsOutsideIreland_en" xlink:type="arc"/>
      <labelArc xlink:arcrole="http://www.xbrl.org/2003/arcrole/concept-label" xlink:from="ie-gaap_TotalROIForeignCurrentTaxAfterAdjustmentsRelief" xlink:to="ie-gaap_TotalROIForeignCurrentTaxAfterAdjustmentsRelief_en" xlink:type="arc"/>
      <labelArc xlink:arcrole="http://www.xbrl.org/2003/arcrole/concept-label" xlink:from="ie-gaap_ROIForeignCurrentTaxBeforeAdjustmentsRelief" xlink:to="ie-gaap_ROIForeignCurrentTaxBeforeAdjustmentsRelief_en" xlink:type="arc"/>
      <labelArc xlink:arcrole="http://www.xbrl.org/2003/arcrole/concept-label" xlink:from="ie-gaap_ROICurrentCorporationTaxAfterAdjustmentForPriorPeriods" xlink:to="ie-gaap_ROICurrentCorporationTaxAfterAdjustmentForPriorPeriods_en" xlink:type="arc"/>
      <labelArc xlink:arcrole="http://www.xbrl.org/2003/arcrole/concept-label" xlink:from="ie-gaap_ROICurrentCorporationTaxAfterDouble-taxationReliefBeforeAdjustmentForPriorPeriods" xlink:to="ie-gaap_ROICurrentCorporationTaxAfterDouble-taxationReliefBeforeAdjustmentForPriorPeriods_en" xlink:type="arc"/>
      <labelArc xlink:arcrole="http://www.xbrl.org/2003/arcrole/concept-label" xlink:from="ie-gaap_IncomeTaxSubtotalROIIncomeTaxTaxAttributableToInvestmentIncome" xlink:to="ie-gaap_IncomeTaxSubtotalROIIncomeTaxTaxAttributableToInvestmentIncome_en" xlink:type="arc"/>
      <labelArc xlink:arcrole="http://www.xbrl.org/2003/arcrole/concept-label" xlink:from="ie-gaap_ROICurrentCorporationTax" xlink:to="ie-gaap_ROICurrentCorporationTax_en" xlink:type="arc"/>
      <labelArc xlink:arcrole="http://www.xbrl.org/2003/arcrole/concept-label" xlink:from="ie-gaap_ROICurrentCorporationTaxOnIncomeForPeriod" xlink:to="ie-gaap_ROICurrentCorporationTaxOnIncomeForPeriod_en" xlink:type="arc"/>
      <labelArc xlink:arcrole="http://www.xbrl.org/2003/arcrole/concept-label" xlink:from="ie-gaap_IncreaseDecreaseInROICorporationTaxArisingFromAdjustmentForPriorPeriods" xlink:to="ie-gaap_IncreaseDecreaseInROICorporationTaxArisingFromAdjustmentForPriorPeriods_en" xlink:type="arc"/>
      <labelArc xlink:arcrole="http://www.xbrl.org/2003/arcrole/concept-label" xlink:from="ie-gaap_ROIIncomeTax" xlink:to="ie-gaap_ROIIncomeTax_en" xlink:type="arc"/>
      <labelArc xlink:arcrole="http://www.xbrl.org/2003/arcrole/concept-label" xlink:from="ie-gaap_TotalROIForeignDeferredTax" xlink:to="ie-gaap_TotalROIForeignDeferredTax_en" xlink:type="arc"/>
      <labelArc xlink:arcrole="http://www.xbrl.org/2003/arcrole/concept-label" xlink:from="ie-gaap_ROIDeferredTax" xlink:to="ie-gaap_ROIDeferredTax_en" xlink:type="arc"/>
      <labelArc xlink:arcrole="http://www.xbrl.org/2003/arcrole/concept-label" xlink:from="ie-gaap_IncreaseDecreaseInROITaxFromOriginationReversalTimingDifferences" xlink:to="ie-gaap_IncreaseDecreaseInROITaxFromOriginationReversalTimingDifferences_en" xlink:type="arc"/>
      <labelArc xlink:arcrole="http://www.xbrl.org/2003/arcrole/concept-label" xlink:from="ie-gaap_IncreaseDecreaseOnOpeningLiabilityForROITaxFromChangesInTaxRatesLaws" xlink:to="ie-gaap_IncreaseDecreaseOnOpeningLiabilityForROITaxFromChangesInTaxRatesLaws_en" xlink:type="arc"/>
      <labelArc xlink:arcrole="http://www.xbrl.org/2003/arcrole/concept-label" xlink:from="ie-gaap_IncreaseDecreaseInROIDeferredTaxArisingFromAdjustmentForPriorPeriods" xlink:to="ie-gaap_IncreaseDecreaseInROIDeferredTaxArisingFromAdjustmentForPriorPeriods_en" xlink:type="arc"/>
      <labelArc xlink:arcrole="http://www.xbrl.org/2003/arcrole/concept-label" xlink:from="ie-gaap_ReconciliationAgainstTaxCalculatedByApplyingStandardRateROICorporationTaxToPre-taxProfitHeading" xlink:to="ie-gaap_ReconciliationAgainstTaxCalculatedByApplyingStandardRateROICorporationTaxToPre-taxProfitHeading_en" xlink:type="arc"/>
      <labelArc xlink:arcrole="http://www.xbrl.org/2003/arcrole/concept-label" xlink:from="ie-gaap_TaxOnGroupProfitOnOrdinaryActivitiesStandardROITaxRate" xlink:to="ie-gaap_TaxOnGroupProfitOnOrdinaryActivitiesStandardROITaxRate_en" xlink:type="arc"/>
      <labelArc xlink:arcrole="http://www.xbrl.org/2003/arcrole/concept-label" xlink:from="ie-gaap_AmountByWhichTaxOnProfitOnOrdinaryActivitiesLowerHigherThanTaxCalculatedStandardROIRate" xlink:to="ie-gaap_AmountByWhichTaxOnProfitOnOrdinaryActivitiesLowerHigherThanTaxCalculatedStandardROIRate_en" xlink:type="arc"/>
      <labelArc xlink:arcrole="http://www.xbrl.org/2003/arcrole/concept-label" xlink:from="ie-gaap_DividendsFromIrishCompanies" xlink:to="ie-gaap_DividendsFromIrishCompanies_en" xlink:type="arc"/>
      <labelArc xlink:arcrole="http://www.xbrl.org/2003/arcrole/concept-label" xlink:from="ie-gaap_AmountByWhichTaxRateOnProfitOnOrdinaryActivitiesLowerHigherThanStandardROITaxRate" xlink:to="ie-gaap_AmountByWhichTaxRateOnProfitOnOrdinaryActivitiesLowerHigherThanStandardROITaxRate_en" xlink:type="arc"/>
      <labelArc xlink:arcrole="http://www.xbrl.org/2003/arcrole/concept-label" xlink:from="ie-gaap_DividendsFromIrishCompaniesImpactOnTaxRate" xlink:to="ie-gaap_DividendsFromIrishCompaniesImpactOnTaxRate_en" xlink:type="arc"/>
      <labelArc xlink:arcrole="http://www.xbrl.org/2003/arcrole/concept-label" xlink:from="ie-gaap_TaxOnExtraordinaryProfitLossArisingFromROICorporationTax" xlink:to="ie-gaap_TaxOnExtraordinaryProfitLossArisingFromROICorporationTax_en" xlink:type="arc"/>
      <labelArc xlink:arcrole="http://www.xbrl.org/2003/arcrole/concept-label" xlink:from="ie-gaap_TaxOnExtraordinaryProfitLossArisingFromROIIncomeTax" xlink:to="ie-gaap_TaxOnExtraordinaryProfitLossArisingFromROIIncomeTax_en" xlink:type="arc"/>
      <labelArc xlink:arcrole="http://www.xbrl.org/2003/arcrole/concept-label" xlink:from="ie-gaap_IntangibleFixedAssetsIncreaseDecreaseFromIntercompanyTransfersBetweenGroupCompanies" xlink:to="ie-gaap_IntangibleFixedAssetsIncreaseDecreaseFromIntercompanyTransfersBetweenGroupCompanies_en" xlink:type="arc"/>
      <labelArc xlink:arcrole="http://www.xbrl.org/2003/arcrole/concept-label" xlink:from="ie-gaap_IntangibleFixedAssetsAmortisationIncreaseDecreaseFromIntercompanyTransfersBetweenGroupCompanies" xlink:to="ie-gaap_IntangibleFixedAssetsAmortisationIncreaseDecreaseFromIntercompanyTransfersBetweenGroupCompanies_en" xlink:type="arc"/>
      <labelArc xlink:arcrole="http://www.xbrl.org/2003/arcrole/concept-label" xlink:from="ie-gaap_TangibleFixedAssetsIncreaseDecreaseFromIntercompanyTransfersBetweenGroupCompanies" xlink:to="ie-gaap_TangibleFixedAssetsIncreaseDecreaseFromIntercompanyTransfersBetweenGroupCompanies_en" xlink:type="arc"/>
      <labelArc xlink:arcrole="http://www.xbrl.org/2003/arcrole/concept-label" xlink:from="ie-gaap_TangibleFixedAssetsDepreciationIncreaseDecreaseFromIntercompanyTransfersBetweenGroupCompanies" xlink:to="ie-gaap_TangibleFixedAssetsDepreciationIncreaseDecreaseFromIntercompanyTransfersBetweenGroupCompanies_en" xlink:type="arc"/>
      <labelArc xlink:arcrole="http://www.xbrl.org/2003/arcrole/concept-label" xlink:from="ie-gaap_FixedAssetInvestmentsIncreaseDecreaseFromIntercompanyTransfersBetweenGroupCompanies" xlink:to="ie-gaap_FixedAssetInvestmentsIncreaseDecreaseFromIntercompanyTransfersBetweenGroupCompanies_en" xlink:type="arc"/>
      <labelArc xlink:arcrole="http://www.xbrl.org/2003/arcrole/concept-label" xlink:from="ie-gaap_AmountsOwedByParentUndertakings" xlink:to="ie-gaap_AmountsOwedByParentUndertakings_en" xlink:type="arc"/>
      <labelArc xlink:arcrole="http://www.xbrl.org/2003/arcrole/concept-label" xlink:from="ie-gaap_AmountsOwedByParentUndertakingsWithinOneYear" xlink:to="ie-gaap_AmountsOwedByParentUndertakingsWithinOneYear_en" xlink:type="arc"/>
      <labelArc xlink:arcrole="http://www.xbrl.org/2003/arcrole/concept-label" xlink:from="ie-gaap_AmountsOwedByParentUndertakingsAfterOneYear" xlink:to="ie-gaap_AmountsOwedByParentUndertakingsAfterOneYear_en" xlink:type="arc"/>
      <labelArc xlink:arcrole="http://www.xbrl.org/2003/arcrole/concept-label" xlink:from="ie-gaap_InvestmentsListedOnIrishExchanges" xlink:to="ie-gaap_InvestmentsListedOnIrishExchanges_en" xlink:type="arc"/>
      <labelArc xlink:arcrole="http://www.xbrl.org/2003/arcrole/concept-label" xlink:from="ie-gaap_GovernmentSecuritiesListedOnIrishExchanges" xlink:to="ie-gaap_GovernmentSecuritiesListedOnIrishExchanges_en" xlink:type="arc"/>
      <labelArc xlink:arcrole="http://www.xbrl.org/2003/arcrole/concept-label" xlink:from="ie-gaap_OtherInvestmentsListedOnIrishExchanges" xlink:to="ie-gaap_OtherInvestmentsListedOnIrishExchanges_en" xlink:type="arc"/>
      <labelArc xlink:arcrole="http://www.xbrl.org/2003/arcrole/concept-label" xlink:from="ie-gaap_InvestmentsListedOnExchangesOutsideIreland" xlink:to="ie-gaap_InvestmentsListedOnExchangesOutsideIreland_en" xlink:type="arc"/>
      <labelArc xlink:arcrole="http://www.xbrl.org/2003/arcrole/concept-label" xlink:from="ie-gaap_GovernmentSecuritiesListedOnExchangesOutsideIreland" xlink:to="ie-gaap_GovernmentSecuritiesListedOnExchangesOutsideIreland_en" xlink:type="arc"/>
      <labelArc xlink:arcrole="http://www.xbrl.org/2003/arcrole/concept-label" xlink:from="ie-gaap_OtherInvestmentsListedOnExchangesOutsideIreland" xlink:to="ie-gaap_OtherInvestmentsListedOnExchangesOutsideIreland_en" xlink:type="arc"/>
      <labelArc xlink:arcrole="http://www.xbrl.org/2003/arcrole/concept-label" xlink:from="ie-gaap_CertificatesDepositIreland" xlink:to="ie-gaap_CertificatesDepositIreland_en" xlink:type="arc"/>
      <labelArc xlink:arcrole="http://www.xbrl.org/2003/arcrole/concept-label" xlink:from="ie-gaap_TermDepositsIreland" xlink:to="ie-gaap_TermDepositsIreland_en" xlink:type="arc"/>
      <labelArc xlink:arcrole="http://www.xbrl.org/2003/arcrole/concept-label" xlink:from="ie-gaap_OtherDepositsIreland" xlink:to="ie-gaap_OtherDepositsIreland_en" xlink:type="arc"/>
      <labelArc xlink:arcrole="http://www.xbrl.org/2003/arcrole/concept-label" xlink:from="ie-gaap_SharePurchaseLoansUnderSection60CompaniesAct1963" xlink:to="ie-gaap_SharePurchaseLoansUnderSection60CompaniesAct1963_en" xlink:type="arc"/>
      <labelArc xlink:arcrole="http://www.xbrl.org/2003/arcrole/concept-label" xlink:from="ie-gaap_EquitySecurities-IrelandFinancialAssetsThroughProfitLossDesignated" xlink:to="ie-gaap_EquitySecurities-IrelandFinancialAssetsThroughProfitLossDesignated_en" xlink:type="arc"/>
      <labelArc xlink:arcrole="http://www.xbrl.org/2003/arcrole/concept-label" xlink:from="ie-gaap_EquitySecurities-IrelandFinancialAssetsThroughProfitLossHeldForTrading" xlink:to="ie-gaap_EquitySecurities-IrelandFinancialAssetsThroughProfitLossHeldForTrading_en" xlink:type="arc"/>
      <labelArc xlink:arcrole="http://www.xbrl.org/2003/arcrole/concept-label" xlink:from="ie-gaap_EquitySecurities-IrelandAvailable-for-saleFinancialAssets" xlink:to="ie-gaap_EquitySecurities-IrelandAvailable-for-saleFinancialAssets_en" xlink:type="arc"/>
      <labelArc xlink:arcrole="http://www.xbrl.org/2003/arcrole/concept-label" xlink:from="ie-gaap_ChangeInEquitySecurities-IrelandFinancialAssetsThroughProfitLossHeldForTrading" xlink:to="ie-gaap_ChangeInEquitySecurities-IrelandFinancialAssetsThroughProfitLossHeldForTrading_en" xlink:type="arc"/>
      <labelArc xlink:arcrole="http://www.xbrl.org/2003/arcrole/concept-label" xlink:from="ie-gaap_ChangeInEquitySecurities-IrelandFinancialAssetsThroughProfitLossDesignated" xlink:to="ie-gaap_ChangeInEquitySecurities-IrelandFinancialAssetsThroughProfitLossDesignated_en" xlink:type="arc"/>
      <labelArc xlink:arcrole="http://www.xbrl.org/2003/arcrole/concept-label" xlink:from="ie-gaap_ROICorporationTaxPaid" xlink:to="ie-gaap_ROICorporationTaxPaid_en" xlink:type="arc"/>
      <labelArc xlink:arcrole="http://www.xbrl.org/2003/arcrole/concept-label" xlink:from="ie-gaap_OtherROITaxPaid" xlink:to="ie-gaap_OtherROITaxPaid_en" xlink:type="arc"/>
      <labelArc xlink:arcrole="http://www.xbrl.org/2003/arcrole/concept-label" xlink:from="ie-gaap_ROITaxReceipts" xlink:to="ie-gaap_ROITaxReceipts_en" xlink:type="arc"/>
      <labelArc xlink:arcrole="http://www.xbrl.org/2003/arcrole/concept-label" xlink:from="ie-gaap_LongevityFiguresIrelandHeading" xlink:to="ie-gaap_LongevityFiguresIrelandHeading_en" xlink:type="arc"/>
      <labelArc xlink:arcrole="http://www.xbrl.org/2003/arcrole/concept-label" xlink:from="ie-gaap_LongevityInYearsRetirementForCurrentIrishPensionersMen" xlink:to="ie-gaap_LongevityInYearsRetirementForCurrentIrishPensionersMen_en" xlink:type="arc"/>
      <labelArc xlink:arcrole="http://www.xbrl.org/2003/arcrole/concept-label" xlink:from="ie-gaap_LongevityInYearsRetirementForFutureIrishPensionersMen" xlink:to="ie-gaap_LongevityInYearsRetirementForFutureIrishPensionersMen_en" xlink:type="arc"/>
      <labelArc xlink:arcrole="http://www.xbrl.org/2003/arcrole/concept-label" xlink:from="ie-gaap_LongevityInYearsRetirementForCurrentIrishPensionersWomen" xlink:to="ie-gaap_LongevityInYearsRetirementForCurrentIrishPensionersWomen_en" xlink:type="arc"/>
      <labelArc xlink:arcrole="http://www.xbrl.org/2003/arcrole/concept-label" xlink:from="ie-gaap_LongevityInYearsRetirementForFutureIrishPensionersWomen" xlink:to="ie-gaap_LongevityInYearsRetirementForFutureIrishPensionersWomen_en" xlink:type="arc"/>
      <labelArc xlink:arcrole="http://www.xbrl.org/2003/arcrole/concept-label" xlink:from="ie-gaap_ShareholdingsSubsidiary" xlink:to="ie-gaap_ShareholdingsSubsidiary_en" xlink:type="arc"/>
      <labelArc xlink:arcrole="http://www.xbrl.org/2003/arcrole/concept-label" xlink:from="ie-gaap_DebenturesSubsidiary" xlink:to="ie-gaap_DebenturesSubsidiary_en" xlink:type="arc"/>
      <labelArc xlink:arcrole="http://www.xbrl.org/2003/arcrole/concept-label" xlink:from="ie-gaap_ChangeInEquitySecurities-IrelandAvailable-for-saleFinancialAssets" xlink:to="ie-gaap_ChangeInEquitySecurities-IrelandAvailable-for-saleFinancialAssets_en" xlink:type="arc"/>
  </labelLink>
</linkbase>
